Workbook

Sheet INSTRUCTION
L3: INSTRUCTIONS ON HOW TO USE:
L4: 1. Click the Coverpage Tab. Encode the needed data in the INFORMATION SECTION. Signatures can be affixed to this sheet.
L9: 2. Click the CO-PO Attainment tab. Map the CO to the appropriate PO to ensure that all PO are delivered throughout the study.
L13: 3. The Database Sheet is where you will encode the students' names and the raw scores of their TLAs and ATs. For lecture exam scores, encode the score in the EXAM Sheet. For Research, Practicum, Laboratory encode the OUTPUT scores on the OUTPUT Sheet. On the encoding of the scores, leave blank if the student did not participate/ submit output for the specific task; encode 0 if the student participated but got a score of 0.
A18: CLO-PLO ATTAINMENT SYSTEM
B23: FOR PROFESSIONAL/GEN ED/RESEARCH/INTERNSHIP/SPECIAL COURSES
L26: 4. Grades are automatically computed in the Grade Computation Sheet. Identify the Grading System to be used in the COVERPAGE Sheet.
L27: 5. CO-PO Attainment will be finally computed upon the completion of the course.
L28: Note: For Gen Ed courses, include the irregular students in the encoding as per their enrolled class schedule. No separate computation is needed.
L30: You may click this link for a video tour and tutorial: | P30: CO-PO System TUTORIAL

Sheet COVERPAGE
R3: Semester & Year: | S3: SECOND SEMESTER SY 2024-2025 | Y3: 80-20
R4: Course Code: | W4: LECTURE | Y4: 60-40 | AA4: 0.6
R5: Course Title: | AA5: 0.65
R6: Course Type: | S6: LECTURE | T6: *CHOOSE COURSE TYPE | X6: 1 | AA6: 0.7
R7: Section: | X7: 2 | AA7: 0.75
R8: No. of Students: | S8: =IF('Database (LECTURE-RES-PRAC)'!B8=0,"",'Database (LECTURE-RES-PRAC)'!B8) -> 8 | T8: *will auto count based on encoded students' names | X8: 3 | AA8: 0.8
R9: GRADING SYSTEM | S9: 60-40 | T9: *Choose base grade
R10: Instructor's Name
R11: Threshold | S11: 0.6 | T11: *Determine threshold
A12: CLO-PLO ATTAINMENT SYSTEM
R13: PREPARED BY:
A14: FOR PROFESSIONAL/GENERAL EDUCATION/RESEARCH/INTERNSHIP/OUTPUT-BASED COURSES | S14: Name of Faculty
R15: CHECKED BY:
S16: Program Head
L17: Target Level Criteria | R17: APPROVED BY:
L18: 1 | M18: Low | N18: <50% | O18: students can attain <50% threshold | S18: Dean of College
L19: 2 | M19: Moderate | N19: 50-60% | O19: students can attain >=50%<threshold
L20: 3 | M20: High | N20: >60% | O20: students can attain >= threshold
N21: editable
A22: *At the beginning of each semester, set the CO-PO mapping and targets according the level of CO-PO correlation identified based on the Syllabus. ENCODE MANUALLY.
A23: CO-PO MAPPING (TARGETS)
A26: CLO-PLO | B26: PLO1 | C26: PLO2 | D26: PLO3 | E26: PLO4 | F26: PLO5 | G26: PLO6 | H26: PLO7 | I26: PLO8 | J26: PLO9 | K26: PLO10 | L26: PLO11 | M26: PLO12 | N26: PLO13 | O26: PLO14 | P26: PLO15 | Q26: PLO16
A27: CLO1 | B27: 3 | E27: 3 | J27: 3 | K27: 3
A28: CLO2 | B28: 3 | C28: 3 | E28: 3 | F28: 3 | G28: 3 | H28: 3 | I28: 3 | J28: 3 | K28: 3
A29: CLO3 | B29: 3 | C29: 3 | D29: 3 | E29: 3 | F29: 3 | G29: 3 | H29: 3 | I29: 3 | J29: 3 | K29: 3
A30: CLO4 | B30: 3
A31: CLO5 | B31: 3
A32: CLO6
A33: CLO7
A34: CLO8
A35: CLO9
A36: CLO10
A37: AVERAGE | B37: =IFERROR(AVERAGE(B27:B36),"") -> 3 | C37: =IFERROR(AVERAGE(C27:C36),"") -> 3 | D37: =IFERROR(AVERAGE(D27:D36),"") -> 3 | E37: =IFERROR(AVERAGE(E27:E36),"") -> 3 | F37: =IFERROR(AVERAGE(F27:F36),"") -> 3 | G37: =IFERROR(AVERAGE(G27:G36),"") -> 3 | H37: =IFERROR(AVERAGE(H27:H36),"") -> 3 | I37: =IFERROR(AVERAGE(I27:I36),"") -> 3 | ... Q37: =IFERROR(AVERAGE(Q27:Q36),"")

Sheet Database (LECTURE-RES-PRAC)
A1: CLO-PLO ATTAINMENT SYSTEM
AK2: TLA | CW2: CLO Met Criteria
A3: Semester & Year: | B3: =IF(COVERPAGE!S3=0,"",COVERPAGE!S3) -> SECOND SEMESTER SY 2024-2025 | AK3: AT
A4: Course Code: | B4: CONLAW1 | CW4: If CO Marks (%)>=threshold | CZ4: Y | EA4: CLO1
A5: Course Title: | B5: Constitutional Law I | C5: Distribution of % | D5: TLA | E5: AT | F5: =IF(B6="LECTURE","EXAM",IF(B6="RESEARCH","OUTPUT",IF(B6="PRACTICUM","OUTPUT",IF(B6="STUDENT FORMATION","OUTPUT","")))) -> EXAM | CW5: If CLO Marks (%)<threshold | CZ5: N | EA5: CLO2 | EB5: 0.6
A6: Course Type: | B6: =IF(COVERPAGE!S6="PRACTICUM",COVERPAGE!S6,IF(COVERPAGE!S6="RESEARCH",COVERPAGE!S6,IF(COVERPAGE!S6="LECTURE",COVERPAGE!S6,IF(COVERPAGE!S6="STUDENT FORMATION",COVERPAGE!S6,"")))) -> LECTURE | D6: 0.4 | E6: 0.2 | F6: 0.4 | G6: Please type in your desired weighted distribution here | EA6: CLO3 | EB6: 0.65
A7: Section: | B7: =IF(COVERPAGE!S7=0,"",COVERPAGE!S7) | CW7: Met Level Criteria | EA7: CLO4 | EB7: 0.7
A8: No. of Students: | B8: =COUNTA(B17:B316) -> 8 | CW8: 1 | CX8: Low | CY8: students attained <50% threshold | EA8: CLO5 | EB8: 0.75
A9: Instructor's Name | B9: =IF(COVERPAGE!S10=0,"",COVERPAGE!S10) | CW9: 2 | CX9: Moderate | CY9: students attained >=50%<threshold | EA9: CLO6 | EB9: 0.8
A10: Threshold: | B10: =COVERPAGE!S11 -> 0.6 | CW10: 3 | CX10: High | CY10: students attained >= threshold | EA10: CLO7
C11: GRADING PERIOD | D11: PRELIM | AJ11: MIDTERM | BP11: FINAL | EA11: CLO8
A12: STUDENT ID | B12: STUDENT NAME | C12: ASSESSMENT TYPE | D12: TLA | E12: TLA | F12: TLA | G12: TLA | H12: TLA | I12: AT | J12: AT | AH12: TOTAL | AI12: TOTAL | AJ12: TLA | AK12: TLA | AL12: TLA | AM12: TLA | AN12: TLA | AO12: TLA | AP12: TLA | AQ12: TLA | AR12: TLA | AS12: AT | AT12: AT | AU12: AT | AV12: AT | BN12: TOTAL | BO12: TOTAL | BP12: TLA | BQ12: TLA | BR12: TLA | BS12: TLA | BT12: TLA | BU12: TLA | BV12: AT | BW12: AT | BX12: AT | BY12: AT | BZ12: AT | CT12: TOTAL | CU12: TOTAL | CV12: CLO Attainments (TLA & AT) | EA12: CLO9
C13: ASSESSMENT NO. | D13: 1 | E13: 2 | F13: 3 | G13: 4 | H13: 5 | I13: 1 | J13: 2 | AH13: TLA | AI13: AT | AJ13: 1 | AK13: 2 | AL13: 3 | AM13: 4 | AN13: 5 | AO13: 6 | AP13: 7 | AQ13: 8 | AR13: 10 | AS13: 11 | AT13: 12 | AU13: 13 | AV13: 14 | BN13: TLA | BO13: AT | BP13: 1 | BQ13: 2 | BR13: 3 | BS13: 4 | BT13: 5 | BU13: 6 | BV13: 7 | BW13: 8 | BX13: 9 | BY13: 10 | BZ13: 11 | CT13: TLA | CU13: AT | CV13: CLO1 Marks (%) | CW13: CLO1 Met (Y/N) | CX13: CLO LEVEL | CY13: CLO2 Marks (%) | CZ13: CLO2 Met (Y/N) | DA13: CLO LEVEL | DB13: CLO3 Marks (%) | DC13: CLO3 Met (Y/N) | DD13: CLO LEVEL | DE13: CLO4 Marks (%) | DF13: CLO4 Met (Y/N) | DG13: CLO LEVEL | DH13: CLO5 Marks (%) | DI13: CLO5 Met (Y/N) | DJ13: CLO LEVEL | DK13: CLO6 Marks (%) | DL13: CLO6 Met (Y/N) | DM13: CLO LEVEL | DN13: CLO7 Marks (%) | DO13: CLO7 Met (Y/N) | DP13: CLO LEVEL | DQ13: CLO8 Marks (%) | DR13: CLO8 Met (Y/N) | DS13: CLO LEVEL | DT13: CLO9 Marks (%) | DU13: CLO9 Met (Y/N) | DV13: CLO LEVEL | DW13: CLO10 Marks (%) | DX13: CLO10 Met (Y/N) | DY13: CLO LEVEL | EA13: CLO10
C14: CLO | D14: CLO1 | E14: CLO1 | F14: CLO1 | H14: CLO3 | I14: CLO4 | J14: CLO5 | AJ14: CLO2 | AK14: CLO2 | AL14: CLO2 | AM14: CLO2 | AN14: CLO2 | AO14: CLO2 | AP14: CLO2 | AQ14: CLO2 | AT14: CLO2 | AU14: CLO2 | AV14: CLO2 | BP14: CLO3 | BQ14: CLO3 | BR14: CLO3 | BS14: CLO3 | BT14: CLO3 | BU14: CLO3 | BV14: CLO3 | BW14: CLO3 | BX14: CLO3 | BY14: CLO4 | BZ14: CLO5
C15: DATE/ACTIVITY NAME | D15: Quiz 1 | E15: Written Recitation | F15: Quiz 2 | J15: Portfolio | AJ15: M2 QUIZ 1 | AK15: M2 QUIZ 2 | AL15: M2 QUIZ 3 | AM15: M2 QUIZ 4 | AN15: M2 QUIZ 5 | AO15: M2 QUIZ 6 | AP15: M2 QUIZ 10 | AQ15: M2 QUIZ 11 | BP15: M3 Q1 | BQ15: M3 Q2 | BR15: M3 Q3 | BS15: M3 Q4 | BT15: M3 Q5
C16: COURSE&YR. ⬇️ MAX MARK ➡️ | D16: 20 | E16: 20 | F16: 10 | G16: 20 | H16: 5 | I16: 100 | J16: 100 | AH16: =IF(COUNTA(D16:AG16)>0, SUMIF(D$12:AG$12,"TLA",D16:AG16), "") -> 75 | AI16: =IF(COUNTA(D16:AG16)>0, SUMIF(D$12:AG$12,"AT",D16:AG16), "") -> 200 | AJ16: 10 | AK16: 10 | AL16: 10 | AM16: 10 | AN16: 10 | AO16: 10 | AP16: 10 | AQ16: 10 | AR16: 5 | AS16: 50 | AT16: 25 | AU16: 25 | AV16: 50 | BN16: =IF(COUNTA(AJ16:BM16)>0, SUMIF(AJ$12:BM$12,"TLA",AJ16:BM16), "") -> 85 | BO16: =IF(COUNTA(AJ16:BM16)>0, SUMIF(AJ$12:BM$12,"AT",AJ16:BM16), "") -> 150 | BP16: 10 | BQ16: 10 | BR16: 10 | BS16: 10 | BT16: 10 | BU16: 30 | BV16: 25 | BW16: 25 | BX16: 25 | BY16: 50 | BZ16: 25 | CT16: =IF(COUNTA(BP16:CS16)>0, SUMIF(BP$12:CS$12,"TLA",BP16:CS16), "") -> 80 | CU16: =IF(COUNTA(BP16:CS16)>0, SUMIF(BP$12:CS$12,"AT",BP16:CS16), "") -> 150
B17: trinidad, isabel | C17: bsmt | D17: 17 | E17: 19 | F17: 8 | G17: 20 | H17: 4 | I17: 87 | J17: 78 | AH17: =IF(B17<>"",SUMIF(D$12:AG$12,"TLA",D17:AG17),"") -> 68 | AI17: =IF(B17<>"",SUMIF(D$12:AG$12,"AT",D17:AG17),"") -> 165 | AJ17: 9 | AL17: 9 | AM17: 8 | AN17: 9 | AP17: 10 | AQ17: 8 | AR17: 1 | AS17: 0 | AT17: 24 | AU17: 20 | AV17: 49 | BN17: =IF(B17<>"", SUMIF(AJ$12:BM$12,"TLA",AJ17:BM17), "") -> 54 | BO17: =IF(B17<>"", SUMIF(AJ$12:BM$12,"AT",AJ17:BM17), "") -> 93 | BP17: 8 | BQ17: 9 | BR17: 8 | BS17: 8 | BT17: 8 | BU17: 25 | BV17: 24 | BW17: 23 | BX17: 23 | BY17: 40 | BZ17: 19 | CT17: =IF(B17<>"",SUMIF(BP$12:CS$12,"TLA",BP17:CS17), "") -> 66 | CU17: =IF(B17<>"",SUMIF(BP$12:CS$12,"AT",BP17:CS17), "") -> 129 | CV17: =IF(B17<>"",IFERROR(SUMIF(D$14:CS$14, "CLO1", D17:CS17)/'Grade computation'!I$4,""),"") -> 0.88 | CW17: =IF(CV17="","",IF(CV17>=B$10,"Y","N")) -> Y | CX17: =IF(CV17="","",IF(CV17<50%,1,IF(AND(CV17>=50%,CV17<B$10),2,IF(CV17>=B$10,3)))) -> 3 | CY17: =IF(B17<>"",IFERROR(IF((SUMIF(D$14:CS$14,"CLO2",D17:CS17)/'Grade computation'!I$5)=0,0,(SUMIF(D$14:CS$14,"CLO2",D17:CS17)/'Grade computation'!I$5)),""),"") -> 0.81111111 | CZ17: =IF(CY17="","",IF(CY17>=B$10,"Y","N")) -> Y | DA17: =IF(CY17="","",IF(CY17<50%,1,IF(AND(CY17>=50%,CY17<B$10),2,IF(CY17>=B$10,3)))) -> 3 | DB17: =IF(B17<>"",IFERROR(IF((SUMIF(D$14:CS$14,"CLO3",D17:CS17)/'Grade computation'!I$6)=0,0,(SUMIF(D$14:CS$14,"CLO3",D17:CS17)/'Grade computation'!I$6)),""),"") -> 0.875 | DC17: =IF(DB17="","",IF(DB17>=B$10,"Y","N")) -> Y | DD17: =IF(DB17="","",IF(DB17<50%,1,IF(AND(DB17>=50%,DB17<B$10),2,IF(DB17>=B$10,3)))) -> 3 | DE17: =IF(B17<>"",IFERROR(SUMIF(D$14:CS$14,"CLO4",D17:CS17)/'Grade computation'!I$7,""),"") -> 0.84666667 | DF17: =IF(DE17="","",IF(DE17>=B$10,"Y","N")) -> Y | DG17: =IF(DE17="","",IF(DE17<50%,1,IF(AND(DE17>=50%,DE17<B$10),2,IF(DE17>=B$10,3)))) -> 3 | DH17: =IF(B17<>"",IFERROR(IF((SUMIF(D$14:CS$14,"CLO5",D17:CS17)/'Grade computation'!I$8)=0,0,(SUMIF(D$14:CS$14,"CLO5",D17:CS17)/'Grade computation'!I$8)),""),"") -> 0.776 | DI17: =IF(DH17="","",IF(DH17>=B$10,"Y","N")) -> Y | DJ17: =IF(DH17="","",IF(DH17<50%,1,IF(AND(DH17>=50%,DH17<B$10),2,IF(DH17>=B$10,3)))) -> 3 | DK17: =IF(B17<>"",IFERROR(IF((SUMIF(D$14:CS$14,"CLO6",D17:CS17)/'Grade computation'!I$9)=0,0,(SUMIF(D$14:CS$14,"CLO6",D17:CS17)/'Grade computation'!I$9)),""),"") | DL17: =IF(DK17="","",IF(DK17>=B$10,"Y","N")) | DM17: =IF(DK17="","",IF(DK17<50%,1,IF(AND(DK17>=50%,DK17<B$10),2,IF(DK17>=B$10,3)))) | DN17: =IF(B17<>"",IFERROR(IF((SUMIF(D$14:CS$14,"CLO7",D17:CS17)/'Grade computation'!I$10)=0,0,(SUMIF(D$14:CS$14,"CLO7",D17:CS17)/'Grade computation'!I$10)),""),"") | DO17: =IF(DN17="","",IF(DN17>=B$10,"Y","N")) | DP17: =IF(DN17="","",IF(DN17<50%,1,IF(AND(DN17>=50%,DN17<B$10),2,IF(DN17>=B$10,3)))) | DQ17: =IF(B17<>"",IFERROR(IF((SUMIF(D$14:CS$14,"CLO8",D17:CS17)/'Grade computation'!I$11)=0,0,(SUMIF(D$14:CS$14,"CLO8",D17:CS17)/'Grade computation'!I$11)),""),"") | DR17: =IF(DQ17="","",IF(DQ17>=B$10,"Y","N")) | DS17: =IF(DQ17="","",IF(DQ17<50%,1,IF(AND(DQ17>=50%,DQ17<B$10),2,IF(DQ17>=B$10,3)))) | DT17: =IF(B17<>"",IFERROR(IF((SUMIF(D$14:CS$14,"CLO9",D17:CS17)/'Grade computation'!I$12)=0,0,(SUMIF(D$14:CS$14,"CLO9",D17:CS17)/'Grade computation'!I$12)),""),"") | DU17: =IF(DT17="","",IF(DT17>=B$10,"Y","N")) | DV17: =IF(DT17="","",IF(DT17<50%,1,IF(AND(DT17>=50%,DT17<B$10),2,IF(DT17>=B$10,3)))) | DW17: =IF(B17<>"",IFERROR(IF((SUMIF(D$14:CS$14,"CLO10",D17:CS17)/'Grade computation'!I$13)=0,0,(SUMIF(D$14:CS$14,"CLO10",D17:CS17)/'Grade computation'!I$13)),""),"") | DX17: =IF(DW17="","",IF(DW17>=B$10,"Y","N")) | DY17: =IF(DW17="","",IF(DW17<50%,1,IF(AND(DW17>=50%,DW17<B$10),2,IF(DW17>=B$10,3))))
B18: guevarra, marco | D18: 19 | E18: 15 | F18: 9 | G18: 20 | H18: 5 | I18: 77 | J18: 80 | AH18: =IF(B18<>"",SUMIF(D$12:AG$12,"TLA",D18:AG18),"") -> 68 | AI18: =IF(B18<>"",SUMIF(D$12:AG$12,"AT",D18:AG18),"") -> 157 | AJ18: 6 | AK18: 9 | AL18: 9 | AM18: 9 | AN18: 8 | AO18: 9 | AP18: 8 | AQ18: 10 | AR18: 5 | AS18: 50 | AT18: 22 | AU18: 23 | AV18: 42 | BN18: =IF(B18<>"", SUMIF(AJ$12:BM$12,"TLA",AJ18:BM18), "") -> 73 | BO18: =IF(B18<>"", SUMIF(AJ$12:BM$12,"AT",AJ18:BM18), "") -> 137 | BP18: 8 | BQ18: 9 | BR18: 9 | BS18: 10 | BT18: 8 | BU18: 29 | BV18: 23 | BW18: 20 | BX18: 24 | BY18: 31 | BZ18: 20 | CT18: =IF(B18<>"",SUMIF(BP$12:CS$12,"TLA",BP18:CS18), "") -> 73 | CU18: =IF(B18<>"",SUMIF(BP$12:CS$12,"AT",BP18:CS18), "") -> 118 | CV18: =IF(B18<>"",IFERROR(SUMIF(D$14:CS$14, "CLO1", D18:CS18)/'Grade computation'!I$4,""),"") -> 0.86 | CW18: =IF(CV18="","",IF(CV18>=B$10,"Y","N")) -> Y | CX18: =IF(CV18="","",IF(CV18<50%,1,IF(AND(CV18>=50%,CV18<B$10),2,IF(CV18>=B$10,3)))) -> 3 | CY18: =IF(B18<>"",IFERROR(IF((SUMIF(D$14:CS$14,"CLO2",D18:CS18)/'Grade computation'!I$5)=0,0,(SUMIF(D$14:CS$14,"CLO2",D18:CS18)/'Grade computation'!I$5)),""),"") -> 0.86111111 | CZ18: =IF(CY18="","",IF(CY18>=B$10,"Y","N")) -> Y | DA18: =IF(CY18="","",IF(CY18<50%,1,IF(AND(CY18>=50%,CY18<B$10),2,IF(CY18>=B$10,3)))) -> 3 | DB18: =IF(B18<>"",IFERROR(IF((SUMIF(D$14:CS$14,"CLO3",D18:CS18)/'Grade computation'!I$6)=0,0,(SUMIF(D$14:CS$14,"CLO3",D18:CS18)/'Grade computation'!I$6)),""),"") -> 0.90625 | DC18: =IF(DB18="","",IF(DB18>=B$10,"Y","N")) -> Y | DD18: =IF(DB18="","",IF(DB18<50%,1,IF(AND(DB18>=50%,DB18<B$10),2,IF(DB18>=B$10,3)))) -> 3 | DE18: =IF(B18<>"",IFERROR(SUMIF(D$14:CS$14,"CLO4",D18:CS18)/'Grade computation'!I$7,""),"") -> 0.72 | DF18: =IF(DE18="","",IF(DE18>=B$10,"Y","N")) -> Y | DG18: =IF(DE18="","",IF(DE18<50%,1,IF(AND(DE18>=50%,DE18<B$10),2,IF(DE18>=B$10,3)))) -> 3 | DH18: =IF(B18<>"",IFERROR(IF((SUMIF(D$14:CS$14,"CLO5",D18:CS18)/'Grade computation'!I$8)=0,0,(SUMIF(D$14:CS$14,"CLO5",D18:CS18)/'Grade computation'!I$8)),""),"") -> 0.8 | DI18: =IF(DH18="","",IF(DH18>=B$10,"Y","N")) -> Y | DJ18: =IF(DH18="","",IF(DH18<50%,1,IF(AND(DH18>=50%,DH18<B$10),2,IF(DH18>=B$10,3)))) -> 3 | DK18: =IF(B18<>"",IFERROR(IF((SUMIF(D$14:CS$14,"CLO6",D18:CS18)/'Grade computation'!I$9)=0,0,(SUMIF(D$14:CS$14,"CLO6",D18:CS18)/'Grade computation'!I$9)),""),"") | DL18: =IF(DK18="","",IF(DK18>=B$10,"Y","N")) | DM18: =IF(DK18="","",IF(DK18<50%,1,IF(AND(DK18>=50%,DK18<B$10),2,IF(DK18>=B$10,3)))) | DN18: =IF(B18<>"",IFERROR(IF((SUMIF(D$14:CS$14,"CLO7",D18:CS18)/'Grade computation'!I$10)=0,0,(SUMIF(D$14:CS$14,"CLO7",D18:CS18)/'Grade computation'!I$10)),""),"") | DO18: =IF(DN18="","",IF(DN18>=B$10,"Y","N")) | DP18: =IF(DN18="","",IF(DN18<50%,1,IF(AND(DN18>=50%,DN18<B$10),2,IF(DN18>=B$10,3)))) | DQ18: =IF(B18<>"",IFERROR(IF((SUMIF(D$14:CS$14,"CLO8",D18:CS18)/'Grade computation'!I$11)=0,0,(SUMIF(D$14:CS$14,"CLO8",D18:CS18)/'Grade computation'!I$11)),""),"") | DR18: =IF(DQ18="","",IF(DQ18>=B$10,"Y","N")) | DS18: =IF(DQ18="","",IF(DQ18<50%,1,IF(AND(DQ18>=50%,DQ18<B$10),2,IF(DQ18>=B$10,3)))) | DT18: =IF(B18<>"",IFERROR(IF((SUMIF(D$14:CS$14,"CLO9",D18:CS18)/'Grade computation'!I$12)=0,0,(SUMIF(D$14:CS$14,"CLO9",D18:CS18)/'Grade computation'!I$12)),""),"") | DU18: =IF(DT18="","",IF(DT18>=B$10,"Y","N")) | DV18: =IF(DT18="","",IF(DT18<50%,1,IF(AND(DT18>=50%,DT18<B$10),2,IF(DT18>=B$10,3)))) | DW18: =IF(B18<>"",IFERROR(IF((SUMIF(D$14:CS$14,"CLO10",D18:CS18)/'Grade computation'!I$13)=0,0,(SUMIF(D$14:CS$14,"CLO10",D18:CS18)/'Grade computation'!I$13)),""),"") | DX18: =IF(DW18="","",IF(DW18>=B$10,"Y","N")) | DY18: =IF(DW18="","",IF(DW18<50%,1,IF(AND(DW18>=50%,DW18<B$10),2,IF(DW18>=B$10,3))))
B19: lim, patricia | D19: 19 | E19: 18 | F19: 8 | G19: 20 | H19: 4 | I19: 83 | J19: 79 | AH19: =IF(B19<>"",SUMIF(D$12:AG$12,"TLA",D19:AG19),"") -> 69 | AI19: =IF(B19<>"",SUMIF(D$12:AG$12,"AT",D19:AG19),"") -> 162 | AJ19: 8 | AK19: 9 | AL19: 9 | AM19: 10 | AN19: 10 | AO19: 8 | AP19: 9 | AR19: 3 | AS19: 50 | AT19: 18 | AU19: 23 | AV19: 43 | BN19: =IF(B19<>"", SUMIF(AJ$12:BM$12,"TLA",AJ19:BM19), "") -> 66 | BO19: =IF(B19<>"", SUMIF(AJ$12:BM$12,"AT",AJ19:BM19), "") -> 134 | BP19: 8 | BQ19: 9 | BS19: 9 | BT19: 8 | BU19: 23 | BV19: 22 | BW19: 24 | BX19: 23 | BY19: 39 | BZ19: 24 | CT19: =IF(B19<>"",SUMIF(BP$12:CS$12,"TLA",BP19:CS19), "") -> 57 | CU19: =IF(B19<>"",SUMIF(BP$12:CS$12,"AT",BP19:CS19), "") -> 132 | CV19: =IF(B19<>"",IFERROR(SUMIF(D$14:CS$14, "CLO1", D19:CS19)/'Grade computation'!I$4,""),"") -> 0.9 | CW19: =IF(CV19="","",IF(CV19>=B$10,"Y","N")) -> Y | CX19: =IF(CV19="","",IF(CV19<50%,1,IF(AND(CV19>=50%,CV19<B$10),2,IF(CV19>=B$10,3)))) -> 3 | CY19: =IF(B19<>"",IFERROR(IF((SUMIF(D$14:CS$14,"CLO2",D19:CS19)/'Grade computation'!I$5)=0,0,(SUMIF(D$14:CS$14,"CLO2",D19:CS19)/'Grade computation'!I$5)),""),"") -> 0.81666667 | CZ19: =IF(CY19="","",IF(CY19>=B$10,"Y","N")) -> Y | DA19: =IF(CY19="","",IF(CY19<50%,1,IF(AND(CY19>=50%,CY19<B$10),2,IF(CY19>=B$10,3)))) -> 3 | DB19: =IF(B19<>"",IFERROR(IF((SUMIF(D$14:CS$14,"CLO3",D19:CS19)/'Grade computation'!I$6)=0,0,(SUMIF(D$14:CS$14,"CLO3",D19:CS19)/'Grade computation'!I$6)),""),"") -> 0.8125 | DC19: =IF(DB19="","",IF(DB19>=B$10,"Y","N")) -> Y | DD19: =IF(DB19="","",IF(DB19<50%,1,IF(AND(DB19>=50%,DB19<B$10),2,IF(DB19>=B$10,3)))) -> 3 | DE19: =IF(B19<>"",IFERROR(SUMIF(D$14:CS$14,"CLO4",D19:CS19)/'Grade computation'!I$7,""),"") -> 0.81333333 | DF19: =IF(DE19="","",IF(DE19>=B$10,"Y","N")) -> Y | DG19: =IF(DE19="","",IF(DE19<50%,1,IF(AND(DE19>=50%,DE19<B$10),2,IF(DE19>=B$10,3)))) -> 3 | DH19: =IF(B19<>"",IFERROR(IF((SUMIF(D$14:CS$14,"CLO5",D19:CS19)/'Grade computation'!I$8)=0,0,(SUMIF(D$14:CS$14,"CLO5",D19:CS19)/'Grade computation'!I$8)),""),"") -> 0.824 | DI19: =IF(DH19="","",IF(DH19>=B$10,"Y","N")) -> Y | DJ19: =IF(DH19="","",IF(DH19<50%,1,IF(AND(DH19>=50%,DH19<B$10),2,IF(DH19>=B$10,3)))) -> 3 | DK19: =IF(B19<>"",IFERROR(IF((SUMIF(D$14:CS$14,"CLO6",D19:CS19)/'Grade computation'!I$9)=0,0,(SUMIF(D$14:CS$14,"CLO6",D19:CS19)/'Grade computation'!I$9)),""),"") | DL19: =IF(DK19="","",IF(DK19>=B$10,"Y","N")) | DM19: =IF(DK19="","",IF(DK19<50%,1,IF(AND(DK19>=50%,DK19<B$10),2,IF(DK19>=B$10,3)))) | DN19: =IF(B19<>"",IFERROR(IF((SUMIF(D$14:CS$14,"CLO7",D19:CS19)/'Grade computation'!I$10)=0,0,(SUMIF(D$14:CS$14,"CLO7",D19:CS19)/'Grade computation'!I$10)),""),"") | DO19: =IF(DN19="","",IF(DN19>=B$10,"Y","N")) | DP19: =IF(DN19="","",IF(DN19<50%,1,IF(AND(DN19>=50%,DN19<B$10),2,IF(DN19>=B$10,3)))) | DQ19: =IF(B19<>"",IFERROR(IF((SUMIF(D$14:CS$14,"CLO8",D19:CS19)/'Grade computation'!I$11)=0,0,(SUMIF(D$14:CS$14,"CLO8",D19:CS19)/'Grade computation'!I$11)),""),"") | DR19: =IF(DQ19="","",IF(DQ19>=B$10,"Y","N")) | DS19: =IF(DQ19="","",IF(DQ19<50%,1,IF(AND(DQ19>=50%,DQ19<B$10),2,IF(DQ19>=B$10,3)))) | DT19: =IF(B19<>"",IFERROR(IF((SUMIF(D$14:CS$14,"CLO9",D19:CS19)/'Grade computation'!I$12)=0,0,(SUMIF(D$14:CS$14,"CLO9",D19:CS19)/'Grade computation'!I$12)),""),"") | DU19: =IF(DT19="","",IF(DT19>=B$10,"Y","N")) | DV19: =IF(DT19="","",IF(DT19<50%,1,IF(AND(DT19>=50%,DT19<B$10),2,IF(DT19>=B$10,3)))) | DW19: =IF(B19<>"",IFERROR(IF((SUMIF(D$14:CS$14,"CLO10",D19:CS19)/'Grade computation'!I$13)=0,0,(SUMIF(D$14:CS$14,"CLO10",D19:CS19)/'Grade computation'!I$13)),""),"") | DX19: =IF(DW19="","",IF(DW19>=B$10,"Y","N")) | DY19: =IF(DW19="","",IF(DW19<50%,1,IF(AND(DW19>=50%,DW19<B$10),2,IF(DW19>=B$10,3))))
B20: yap, gerald | E20: 15 | F20: 9 | H20: 4 | I20: 77 | J20: 91 | AH20: =IF(B20<>"",SUMIF(D$12:AG$12,"TLA",D20:AG20),"") -> 28 | AI20: =IF(B20<>"",SUMIF(D$12:AG$12,"AT",D20:AG20),"") -> 168 | AJ20: 8 | AK20: 9 | AM20: 8 | AN20: 8 | AO20: 8 | AP20: 9 | AQ20: 10 | AT20: 20 | AU20: 22 | AV20: 44 | BN20: =IF(B20<>"", SUMIF(AJ$12:BM$12,"TLA",AJ20:BM20), "") -> 60 | BO20: =IF(B20<>"", SUMIF(AJ$12:BM$12,"AT",AJ20:BM20), "") -> 86 | BP20: 8 | BQ20: 8 | BR20: 9 | BS20: 9 | BT20: 7 | BV20: 20 | BW20: 21 | BX20: 21 | BY20: 48 | BZ20: 21 | CT20: =IF(B20<>"",SUMIF(BP$12:CS$12,"TLA",BP20:CS20), "") -> 41 | CU20: =IF(B20<>"",SUMIF(BP$12:CS$12,"AT",BP20:CS20), "") -> 131 | CV20: =IF(B20<>"",IFERROR(SUMIF(D$14:CS$14, "CLO1", D20:CS20)/'Grade computation'!I$4,""),"") -> 0.48 | CW20: =IF(CV20="","",IF(CV20>=B$10,"Y","N")) -> N | CX20: =IF(CV20="","",IF(CV20<50%,1,IF(AND(CV20>=50%,CV20<B$10),2,IF(CV20>=B$10,3)))) -> 1 | CY20: =IF(B20<>"",IFERROR(IF((SUMIF(D$14:CS$14,"CLO2",D20:CS20)/'Grade computation'!I$5)=0,0,(SUMIF(D$14:CS$14,"CLO2",D20:CS20)/'Grade computation'!I$5)),""),"") -> 0.81111111 | CZ20: =IF(CY20="","",IF(CY20>=B$10,"Y","N")) -> Y | DA20: =IF(CY20="","",IF(CY20<50%,1,IF(AND(CY20>=50%,CY20<B$10),2,IF(CY20>=B$10,3)))) -> 3 | DB20: =IF(B20<>"",IFERROR(IF((SUMIF(D$14:CS$14,"CLO3",D20:CS20)/'Grade computation'!I$6)=0,0,(SUMIF(D$14:CS$14,"CLO3",D20:CS20)/'Grade computation'!I$6)),""),"") -> 0.66875 | DC20: =IF(DB20="","",IF(DB20>=B$10,"Y","N")) -> Y | DD20: =IF(DB20="","",IF(DB20<50%,1,IF(AND(DB20>=50%,DB20<B$10),2,IF(DB20>=B$10,3)))) -> 3 | DE20: =IF(B20<>"",IFERROR(SUMIF(D$14:CS$14,"CLO4",D20:CS20)/'Grade computation'!I$7,""),"") -> 0.83333333 | DF20: =IF(DE20="","",IF(DE20>=B$10,"Y","N")) -> Y | DG20: =IF(DE20="","",IF(DE20<50%,1,IF(AND(DE20>=50%,DE20<B$10),2,IF(DE20>=B$10,3)))) -> 3 | DH20: =IF(B20<>"",IFERROR(IF((SUMIF(D$14:CS$14,"CLO5",D20:CS20)/'Grade computation'!I$8)=0,0,(SUMIF(D$14:CS$14,"CLO5",D20:CS20)/'Grade computation'!I$8)),""),"") -> 0.896 | DI20: =IF(DH20="","",IF(DH20>=B$10,"Y","N")) -> Y | DJ20: =IF(DH20="","",IF(DH20<50%,1,IF(AND(DH20>=50%,DH20<B$10),2,IF(DH20>=B$10,3)))) -> 3 | DK20: =IF(B20<>"",IFERROR(IF((SUMIF(D$14:CS$14,"CLO6",D20:CS20)/'Grade computation'!I$9)=0,0,(SUMIF(D$14:CS$14,"CLO6",D20:CS20)/'Grade computation'!I$9)),""),"") | DL20: =IF(DK20="","",IF(DK20>=B$10,"Y","N")) | DM20: =IF(DK20="","",IF(DK20<50%,1,IF(AND(DK20>=50%,DK20<B$10),2,IF(DK20>=B$10,3)))) | DN20: =IF(B20<>"",IFERROR(IF((SUMIF(D$14:CS$14,"CLO7",D20:CS20)/'Grade computation'!I$10)=0,0,(SUMIF(D$14:CS$14,"CLO7",D20:CS20)/'Grade computation'!I$10)),""),"") | DO20: =IF(DN20="","",IF(DN20>=B$10,"Y","N")) | DP20: =IF(DN20="","",IF(DN20<50%,1,IF(AND(DN20>=50%,DN20<B$10),2,IF(DN20>=B$10,3)))) | DQ20: =IF(B20<>"",IFERROR(IF((SUMIF(D$14:CS$14,"CLO8",D20:CS20)/'Grade computation'!I$11)=0,0,(SUMIF(D$14:CS$14,"CLO8",D20:CS20)/'Grade computation'!I$11)),""),"") | DR20: =IF(DQ20="","",IF(DQ20>=B$10,"Y","N")) | DS20: =IF(DQ20="","",IF(DQ20<50%,1,IF(AND(DQ20>=50%,DQ20<B$10),2,IF(DQ20>=B$10,3)))) | DT20: =IF(B20<>"",IFERROR(IF((SUMIF(D$14:CS$14,"CLO9",D20:CS20)/'Grade computation'!I$12)=0,0,(SUMIF(D$14:CS$14,"CLO9",D20:CS20)/'Grade computation'!I$12)),""),"") | DU20: =IF(DT20="","",IF(DT20>=B$10,"Y","N")) | DV20: =IF(DT20="","",IF(DT20<50%,1,IF(AND(DT20>=50%,DT20<B$10),2,IF(DT20>=B$10,3)))) | DW20: =IF(B20<>"",IFERROR(IF((SUMIF(D$14:CS$14,"CLO10",D20:CS20)/'Grade computation'!I$13)=0,0,(SUMIF(D$14:CS$14,"CLO10",D20:CS20)/'Grade computation'!I$13)),""),"") | DX20: =IF(DW20="","",IF(DW20>=B$10,"Y","N")) | DY20: =IF(DW20="","",IF(DW20<50%,1,IF(AND(DW20>=50%,DW20<B$10),2,IF(DW20>=B$10,3))))
B21: chua, angeline | D21: 18 | E21: 15 | F21: 9 | H21: 4 | I21: 87 | J21: 92 | AH21: =IF(B21<>"",SUMIF(D$12:AG$12,"TLA",D21:AG21),"") -> 46 | AI21: =IF(B21<>"",SUMIF(D$12:AG$12,"AT",D21:AG21),"") -> 179 | AK21: 10 | AL21: 9 | AM21: 10 | AN21: 8 | AP21: 9 | AQ21: 9 | AT21: 24 | AU21: 23 | AV21: 42 | BN21: =IF(B21<>"", SUMIF(AJ$12:BM$12,"TLA",AJ21:BM21), "") -> 55 | BO21: =IF(B21<>"", SUMIF(AJ$12:BM$12,"AT",AJ21:BM21), "") -> 89 | BP21: 8 | BQ21: 9 | BR21: 8 | BS21: 8 | BT21: 8 | BU21: 25 | BV21: 24 | BX21: 21 | BY21: 40 | BZ21: 23 | CT21: =IF(B21<>"",SUMIF(BP$12:CS$12,"TLA",BP21:CS21), "") -> 66 | CU21: =IF(B21<>"",SUMIF(BP$12:CS$12,"AT",BP21:CS21), "") -> 108 | CV21: =IF(B21<>"",IFERROR(SUMIF(D$14:CS$14, "CLO1", D21:CS21)/'Grade computation'!I$4,""),"") -> 0.84 | CW21: =IF(CV21="","",IF(CV21>=B$10,"Y","N")) -> Y | CX21: =IF(CV21="","",IF(CV21<50%,1,IF(AND(CV21>=50%,CV21<B$10),2,IF(CV21>=B$10,3)))) -> 3 | CY21: =IF(B21<>"",IFERROR(IF((SUMIF(D$14:CS$14,"CLO2",D21:CS21)/'Grade computation'!I$5)=0,0,(SUMIF(D$14:CS$14,"CLO2",D21:CS21)/'Grade computation'!I$5)),""),"") -> 0.8 | CZ21: =IF(CY21="","",IF(CY21>=B$10,"Y","N")) -> Y | DA21: =IF(CY21="","",IF(CY21<50%,1,IF(AND(CY21>=50%,CY21<B$10),2,IF(CY21>=B$10,3)))) -> 3 | DB21: =IF(B21<>"",IFERROR(IF((SUMIF(D$14:CS$14,"CLO3",D21:CS21)/'Grade computation'!I$6)=0,0,(SUMIF(D$14:CS$14,"CLO3",D21:CS21)/'Grade computation'!I$6)),""),"") -> 0.71875 | DC21: =IF(DB21="","",IF(DB21>=B$10,"Y","N")) -> Y | DD21: =IF(DB21="","",IF(DB21<50%,1,IF(AND(DB21>=50%,DB21<B$10),2,IF(DB21>=B$10,3)))) -> 3 | DE21: =IF(B21<>"",IFERROR(SUMIF(D$14:CS$14,"CLO4",D21:CS21)/'Grade computation'!I$7,""),"") -> 0.84666667 | DF21: =IF(DE21="","",IF(DE21>=B$10,"Y","N")) -> Y | DG21: =IF(DE21="","",IF(DE21<50%,1,IF(AND(DE21>=50%,DE21<B$10),2,IF(DE21>=B$10,3)))) -> 3 | DH21: =IF(B21<>"",IFERROR(IF((SUMIF(D$14:CS$14,"CLO5",D21:CS21)/'Grade computation'!I$8)=0,0,(SUMIF(D$14:CS$14,"CLO5",D21:CS21)/'Grade computation'!I$8)),""),"") -> 0.92 | DI21: =IF(DH21="","",IF(DH21>=B$10,"Y","N")) -> Y | DJ21: =IF(DH21="","",IF(DH21<50%,1,IF(AND(DH21>=50%,DH21<B$10),2,IF(DH21>=B$10,3)))) -> 3 | DK21: =IF(B21<>"",IFERROR(IF((SUMIF(D$14:CS$14,"CLO6",D21:CS21)/'Grade computation'!I$9)=0,0,(SUMIF(D$14:CS$14,"CLO6",D21:CS21)/'Grade computation'!I$9)),""),"") | DL21: =IF(DK21="","",IF(DK21>=B$10,"Y","N")) | DM21: =IF(DK21="","",IF(DK21<50%,1,IF(AND(DK21>=50%,DK21<B$10),2,IF(DK21>=B$10,3)))) | DN21: =IF(B21<>"",IFERROR(IF((SUMIF(D$14:CS$14,"CLO7",D21:CS21)/'Grade computation'!I$10)=0,0,(SUMIF(D$14:CS$14,"CLO7",D21:CS21)/'Grade computation'!I$10)),""),"") | DO21: =IF(DN21="","",IF(DN21>=B$10,"Y","N")) | DP21: =IF(DN21="","",IF(DN21<50%,1,IF(AND(DN21>=50%,DN21<B$10),2,IF(DN21>=B$10,3)))) | DQ21: =IF(B21<>"",IFERROR(IF((SUMIF(D$14:CS$14,"CLO8",D21:CS21)/'Grade computation'!I$11)=0,0,(SUMIF(D$14:CS$14,"CLO8",D21:CS21)/'Grade computation'!I$11)),""),"") | DR21: =IF(DQ21="","",IF(DQ21>=B$10,"Y","N")) | DS21: =IF(DQ21="","",IF(DQ21<50%,1,IF(AND(DQ21>=50%,DQ21<B$10),2,IF(DQ21>=B$10,3)))) | DT21: =IF(B21<>"",IFERROR(IF((SUMIF(D$14:CS$14,"CLO9",D21:CS21)/'Grade computation'!I$12)=0,0,(SUMIF(D$14:CS$14,"CLO9",D21:CS21)/'Grade computation'!I$12)),""),"") | DU21: =IF(DT21="","",IF(DT21>=B$10,"Y","N")) | DV21: =IF(DT21="","",IF(DT21<50%,1,IF(AND(DT21>=50%,DT21<B$10),2,IF(DT21>=B$10,3)))) | DW21: =IF(B21<>"",IFERROR(IF((SUMIF(D$14:CS$14,"CLO10",D21:CS21)/'Grade computation'!I$13)=0,0,(SUMIF(D$14:CS$14,"CLO10",D21:CS21)/'Grade computation'!I$13)),""),"") | DX21: =IF(DW21="","",IF(DW21>=B$10,"Y","N")) | DY21: =IF(DW21="","",IF(DW21<50%,1,IF(AND(DW21>=50%,DW21<B$10),2,IF(DW21>=B$10,3))))
B22: tan, russell | D22: 18 | E22: 17 | H22: 5 | I22: 90 | J22: 79 | AH22: =IF(B22<>"",SUMIF(D$12:AG$12,"TLA",D22:AG22),"") -> 40 | AI22: =IF(B22<>"",SUMIF(D$12:AG$12,"AT",D22:AG22),"") -> 169 | AJ22: 9 | AM22: 9 | AN22: 9 | AO22: 9 | AQ22: 9 | AT22: 24 | AU22: 20 | AV22: 40 | BN22: =IF(B22<>"", SUMIF(AJ$12:BM$12,"TLA",AJ22:BM22), "") -> 45 | BO22: =IF(B22<>"", SUMIF(AJ$12:BM$12,"AT",AJ22:BM22), "") -> 84 | BP22: 9 | BQ22: 8 | BR22: 10 | BS22: 8 | BT22: 9 | BU22: 19 | BV22: 14 | BW22: 23 | BX22: 24 | BY22: 36 | BZ22: 23 | CT22: =IF(B22<>"",SUMIF(BP$12:CS$12,"TLA",BP22:CS22), "") -> 63 | CU22: =IF(B22<>"",SUMIF(BP$12:CS$12,"AT",BP22:CS22), "") -> 120 | CV22: =IF(B22<>"",IFERROR(SUMIF(D$14:CS$14, "CLO1", D22:CS22)/'Grade computation'!I$4,""),"") -> 0.7 | CW22: =IF(CV22="","",IF(CV22>=B$10,"Y","N")) -> Y | CX22: =IF(CV22="","",IF(CV22<50%,1,IF(AND(CV22>=50%,CV22<B$10),2,IF(CV22>=B$10,3)))) -> 3 | CY22: =IF(B22<>"",IFERROR(IF((SUMIF(D$14:CS$14,"CLO2",D22:CS22)/'Grade computation'!I$5)=0,0,(SUMIF(D$14:CS$14,"CLO2",D22:CS22)/'Grade computation'!I$5)),""),"") -> 0.71666667 | CZ22: =IF(CY22="","",IF(CY22>=B$10,"Y","N")) -> Y | DA22: =IF(CY22="","",IF(CY22<50%,1,IF(AND(CY22>=50%,CY22<B$10),2,IF(CY22>=B$10,3)))) -> 3 | DB22: =IF(B22<>"",IFERROR(IF((SUMIF(D$14:CS$14,"CLO3",D22:CS22)/'Grade computation'!I$6)=0,0,(SUMIF(D$14:CS$14,"CLO3",D22:CS22)/'Grade computation'!I$6)),""),"") -> 0.80625 | DC22: =IF(DB22="","",IF(DB22>=B$10,"Y","N")) -> Y | DD22: =IF(DB22="","",IF(DB22<50%,1,IF(AND(DB22>=50%,DB22<B$10),2,IF(DB22>=B$10,3)))) -> 3 | DE22: =IF(B22<>"",IFERROR(SUMIF(D$14:CS$14,"CLO4",D22:CS22)/'Grade computation'!I$7,""),"") -> 0.84 | DF22: =IF(DE22="","",IF(DE22>=B$10,"Y","N")) -> Y | DG22: =IF(DE22="","",IF(DE22<50%,1,IF(AND(DE22>=50%,DE22<B$10),2,IF(DE22>=B$10,3)))) -> 3 | DH22: =IF(B22<>"",IFERROR(IF((SUMIF(D$14:CS$14,"CLO5",D22:CS22)/'Grade computation'!I$8)=0,0,(SUMIF(D$14:CS$14,"CLO5",D22:CS22)/'Grade computation'!I$8)),""),"") -> 0.816 | DI22: =IF(DH22="","",IF(DH22>=B$10,"Y","N")) -> Y | DJ22: =IF(DH22="","",IF(DH22<50%,1,IF(AND(DH22>=50%,DH22<B$10),2,IF(DH22>=B$10,3)))) -> 3 | DK22: =IF(B22<>"",IFERROR(IF((SUMIF(D$14:CS$14,"CLO6",D22:CS22)/'Grade computation'!I$9)=0,0,(SUMIF(D$14:CS$14,"CLO6",D22:CS22)/'Grade computation'!I$9)),""),"") | DL22: =IF(DK22="","",IF(DK22>=B$10,"Y","N")) | DM22: =IF(DK22="","",IF(DK22<50%,1,IF(AND(DK22>=50%,DK22<B$10),2,IF(DK22>=B$10,3)))) | DN22: =IF(B22<>"",IFERROR(IF((SUMIF(D$14:CS$14,"CLO7",D22:CS22)/'Grade computation'!I$10)=0,0,(SUMIF(D$14:CS$14,"CLO7",D22:CS22)/'Grade computation'!I$10)),""),"") | DO22: =IF(DN22="","",IF(DN22>=B$10,"Y","N")) | DP22: =IF(DN22="","",IF(DN22<50%,1,IF(AND(DN22>=50%,DN22<B$10),2,IF(DN22>=B$10,3)))) | DQ22: =IF(B22<>"",IFERROR(IF((SUMIF(D$14:CS$14,"CLO8",D22:CS22)/'Grade computation'!I$11)=0,0,(SUMIF(D$14:CS$14,"CLO8",D22:CS22)/'Grade computation'!I$11)),""),"") | DR22: =IF(DQ22="","",IF(DQ22>=B$10,"Y","N")) | DS22: =IF(DQ22="","",IF(DQ22<50%,1,IF(AND(DQ22>=50%,DQ22<B$10),2,IF(DQ22>=B$10,3)))) | DT22: =IF(B22<>"",IFERROR(IF((SUMIF(D$14:CS$14,"CLO9",D22:CS22)/'Grade computation'!I$12)=0,0,(SUMIF(D$14:CS$14,"CLO9",D22:CS22)/'Grade computation'!I$12)),""),"") | DU22: =IF(DT22="","",IF(DT22>=B$10,"Y","N")) | DV22: =IF(DT22="","",IF(DT22<50%,1,IF(AND(DT22>=50%,DT22<B$10),2,IF(DT22>=B$10,3)))) | DW22: =IF(B22<>"",IFERROR(IF((SUMIF(D$14:CS$14,"CLO10",D22:CS22)/'Grade computation'!I$13)=0,0,(SUMIF(D$14:CS$14,"CLO10",D22:CS22)/'Grade computation'!I$13)),""),"") | DX22: =IF(DW22="","",IF(DW22>=B$10,"Y","N")) | DY22: =IF(DW22="","",IF(DW22<50%,1,IF(AND(DW22>=50%,DW22<B$10),2,IF(DW22>=B$10,3))))
B23: ong, bernadette | D23: 16 | E23: 17 | F23: 8 | H23: 4 | I23: 97 | J23: 85 | AH23: =IF(B23<>"",SUMIF(D$12:AG$12,"TLA",D23:AG23),"") -> 45 | AI23: =IF(B23<>"",SUMIF(D$12:AG$12,"AT",D23:AG23),"") -> 182 | AJ23: 6 | AK23: 10 | AL23: 8 | AM23: 8 | AN23: 8 | AO23: 10 | AP23: 9 | AQ23: 8 | AT23: 24 | AU23: 15 | AV23: 38 | BN23: =IF(B23<>"", SUMIF(AJ$12:BM$12,"TLA",AJ23:BM23), "") -> 67 | BO23: =IF(B23<>"", SUMIF(AJ$12:BM$12,"AT",AJ23:BM23), "") -> 77 | BP23: 8 | BQ23: 8 | BR23: 8 | BS23: 8 | BT23: 8 | BU23: 25 | BV23: 22 | BW23: 20 | BX23: 22 | BY23: 31 | BZ23: 23 | CT23: =IF(B23<>"",SUMIF(BP$12:CS$12,"TLA",BP23:CS23), "") -> 65 | CU23: =IF(B23<>"",SUMIF(BP$12:CS$12,"AT",BP23:CS23), "") -> 118 | CV23: =IF(B23<>"",IFERROR(SUMIF(D$14:CS$14, "CLO1", D23:CS23)/'Grade computation'!I$4,""),"") -> 0.82 | CW23: =IF(CV23="","",IF(CV23>=B$10,"Y","N")) -> Y | CX23: =IF(CV23="","",IF(CV23<50%,1,IF(AND(CV23>=50%,CV23<B$10),2,IF(CV23>=B$10,3)))) -> 3 | CY23: =IF(B23<>"",IFERROR(IF((SUMIF(D$14:CS$14,"CLO2",D23:CS23)/'Grade computation'!I$5)=0,0,(SUMIF(D$14:CS$14,"CLO2",D23:CS23)/'Grade computation'!I$5)),""),"") -> 0.8 | CZ23: =IF(CY23="","",IF(CY23>=B$10,"Y","N")) -> Y | DA23: =IF(CY23="","",IF(CY23<50%,1,IF(AND(CY23>=50%,CY23<B$10),2,IF(CY23>=B$10,3)))) -> 3 | DB23: =IF(B23<>"",IFERROR(IF((SUMIF(D$14:CS$14,"CLO3",D23:CS23)/'Grade computation'!I$6)=0,0,(SUMIF(D$14:CS$14,"CLO3",D23:CS23)/'Grade computation'!I$6)),""),"") -> 0.83125 | DC23: =IF(DB23="","",IF(DB23>=B$10,"Y","N")) -> Y | DD23: =IF(DB23="","",IF(DB23<50%,1,IF(AND(DB23>=50%,DB23<B$10),2,IF(DB23>=B$10,3)))) -> 3 | DE23: =IF(B23<>"",IFERROR(SUMIF(D$14:CS$14,"CLO4",D23:CS23)/'Grade computation'!I$7,""),"") -> 0.85333333 | DF23: =IF(DE23="","",IF(DE23>=B$10,"Y","N")) -> Y | DG23: =IF(DE23="","",IF(DE23<50%,1,IF(AND(DE23>=50%,DE23<B$10),2,IF(DE23>=B$10,3)))) -> 3 | DH23: =IF(B23<>"",IFERROR(IF((SUMIF(D$14:CS$14,"CLO5",D23:CS23)/'Grade computation'!I$8)=0,0,(SUMIF(D$14:CS$14,"CLO5",D23:CS23)/'Grade computation'!I$8)),""),"") -> 0.864 | DI23: =IF(DH23="","",IF(DH23>=B$10,"Y","N")) -> Y | DJ23: =IF(DH23="","",IF(DH23<50%,1,IF(AND(DH23>=50%,DH23<B$10),2,IF(DH23>=B$10,3)))) -> 3 | DK23: =IF(B23<>"",IFERROR(IF((SUMIF(D$14:CS$14,"CLO6",D23:CS23)/'Grade computation'!I$9)=0,0,(SUMIF(D$14:CS$14,"CLO6",D23:CS23)/'Grade computation'!I$9)),""),"") | DL23: =IF(DK23="","",IF(DK23>=B$10,"Y","N")) | DM23: =IF(DK23="","",IF(DK23<50%,1,IF(AND(DK23>=50%,DK23<B$10),2,IF(DK23>=B$10,3)))) | DN23: =IF(B23<>"",IFERROR(IF((SUMIF(D$14:CS$14,"CLO7",D23:CS23)/'Grade computation'!I$10)=0,0,(SUMIF(D$14:CS$14,"CLO7",D23:CS23)/'Grade computation'!I$10)),""),"") | DO23: =IF(DN23="","",IF(DN23>=B$10,"Y","N")) | DP23: =IF(DN23="","",IF(DN23<50%,1,IF(AND(DN23>=50%,DN23<B$10),2,IF(DN23>=B$10,3)))) | DQ23: =IF(B23<>"",IFERROR(IF((SUMIF(D$14:CS$14,"CLO8",D23:CS23)/'Grade computation'!I$11)=0,0,(SUMIF(D$14:CS$14,"CLO8",D23:CS23)/'Grade computation'!I$11)),""),"") | DR23: =IF(DQ23="","",IF(DQ23>=B$10,"Y","N")) | DS23: =IF(DQ23="","",IF(DQ23<50%,1,IF(AND(DQ23>=50%,DQ23<B$10),2,IF(DQ23>=B$10,3)))) | DT23: =IF(B23<>"",IFERROR(IF((SUMIF(D$14:CS$14,"CLO9",D23:CS23)/'Grade computation'!I$12)=0,0,(SUMIF(D$14:CS$14,"CLO9",D23:CS23)/'Grade computation'!I$12)),""),"") | DU23: =IF(DT23="","",IF(DT23>=B$10,"Y","N")) | DV23: =IF(DT23="","",IF(DT23<50%,1,IF(AND(DT23>=50%,DT23<B$10),2,IF(DT23>=B$10,3)))) | DW23: =IF(B23<>"",IFERROR(IF((SUMIF(D$14:CS$14,"CLO10",D23:CS23)/'Grade computation'!I$13)=0,0,(SUMIF(D$14:CS$14,"CLO10",D23:CS23)/'Grade computation'!I$13)),""),"") | DX23: =IF(DW23="","",IF(DW23>=B$10,"Y","N")) | DY23: =IF(DW23="","",IF(DW23<50%,1,IF(AND(DW23>=50%,DW23<B$10),2,IF(DW23>=B$10,3))))
B24: sy, victor | D24: 16 | E24: 15 | F24: 8 | H24: 3 | J24: 84 | AH24: =IF(B24<>"",SUMIF(D$12:AG$12,"TLA",D24:AG24),"") -> 42 | AI24: =IF(B24<>"",SUMIF(D$12:AG$12,"AT",D24:AG24),"") -> 84 | AJ24: 10 | AK24: 9 | AL24: 8 | AM24: 9 | AN24: 8 | AO24: 9 | AP24: 9 | AQ24: 10 | AT24: 24 | AU24: 24 | AV24: 36 | BN24: =IF(B24<>"", SUMIF(AJ$12:BM$12,"TLA",AJ24:BM24), "") -> 72 | BO24: =IF(B24<>"", SUMIF(AJ$12:BM$12,"AT",AJ24:BM24), "") -> 84 | BP24: 9 | BQ24: 8 | BR24: 8 | BS24: 9 | BT24: 6 | BU24: 28 | BV24: 23 | BW24: 24 | BX24: 24 | CT24: =IF(B24<>"",SUMIF(BP$12:CS$12,"TLA",BP24:CS24), "") -> 68 | CU24: =IF(B24<>"",SUMIF(BP$12:CS$12,"AT",BP24:CS24), "") -> 71 | CV24: =IF(B24<>"",IFERROR(SUMIF(D$14:CS$14, "CLO1", D24:CS24)/'Grade computation'!I$4,""),"") -> 0.78 | CW24: =IF(CV24="","",IF(CV24>=B$10,"Y","N")) -> Y | CX24: =IF(CV24="","",IF(CV24<50%,1,IF(AND(CV24>=50%,CV24<B$10),2,IF(CV24>=B$10,3)))) -> 3 | CY24: =IF(B24<>"",IFERROR(IF((SUMIF(D$14:CS$14,"CLO2",D24:CS24)/'Grade computation'!I$5)=0,0,(SUMIF(D$14:CS$14,"CLO2",D24:CS24)/'Grade computation'!I$5)),""),"") -> 0.86666667 | CZ24: =IF(CY24="","",IF(CY24>=B$10,"Y","N")) -> Y | DA24: =IF(CY24="","",IF(CY24<50%,1,IF(AND(CY24>=50%,CY24<B$10),2,IF(CY24>=B$10,3)))) -> 3 | DB24: =IF(B24<>"",IFERROR(IF((SUMIF(D$14:CS$14,"CLO3",D24:CS24)/'Grade computation'!I$6)=0,0,(SUMIF(D$14:CS$14,"CLO3",D24:CS24)/'Grade computation'!I$6)),""),"") -> 0.8875 | DC24: =IF(DB24="","",IF(DB24>=B$10,"Y","N")) -> Y | DD24: =IF(DB24="","",IF(DB24<50%,1,IF(AND(DB24>=50%,DB24<B$10),2,IF(DB24>=B$10,3)))) -> 3 | DE24: =IF(B24<>"",IFERROR(SUMIF(D$14:CS$14,"CLO4",D24:CS24)/'Grade computation'!I$7,""),"") -> 0 | DF24: =IF(DE24="","",IF(DE24>=B$10,"Y","N")) -> N | DG24: =IF(DE24="","",IF(DE24<50%,1,IF(AND(DE24>=50%,DE24<B$10),2,IF(DE24>=B$10,3)))) -> 1 | DH24: =IF(B24<>"",IFERROR(IF((SUMIF(D$14:CS$14,"CLO5",D24:CS24)/'Grade computation'!I$8)=0,0,(SUMIF(D$14:CS$14,"CLO5",D24:CS24)/'Grade computation'!I$8)),""),"") -> 0.672 | DI24: =IF(DH24="","",IF(DH24>=B$10,"Y","N")) -> Y | DJ24: =IF(DH24="","",IF(DH24<50%,1,IF(AND(DH24>=50%,DH24<B$10),2,IF(DH24>=B$10,3)))) -> 3 | DK24: =IF(B24<>"",IFERROR(IF((SUMIF(D$14:CS$14,"CLO6",D24:CS24)/'Grade computation'!I$9)=0,0,(SUMIF(D$14:CS$14,"CLO6",D24:CS24)/'Grade computation'!I$9)),""),"") | DL24: =IF(DK24="","",IF(DK24>=B$10,"Y","N")) | DM24: =IF(DK24="","",IF(DK24<50%,1,IF(AND(DK24>=50%,DK24<B$10),2,IF(DK24>=B$10,3)))) | DN24: =IF(B24<>"",IFERROR(IF((SUMIF(D$14:CS$14,"CLO7",D24:CS24)/'Grade computation'!I$10)=0,0,(SUMIF(D$14:CS$14,"CLO7",D24:CS24)/'Grade computation'!I$10)),""),"") | DO24: =IF(DN24="","",IF(DN24>=B$10,"Y","N")) | DP24: =IF(DN24="","",IF(DN24<50%,1,IF(AND(DN24>=50%,DN24<B$10),2,IF(DN24>=B$10,3)))) | DQ24: =IF(B24<>"",IFERROR(IF((SUMIF(D$14:CS$14,"CLO8",D24:CS24)/'Grade computation'!I$11)=0,0,(SUMIF(D$14:CS$14,"CLO8",D24:CS24)/'Grade computation'!I$11)),""),"") | DR24: =IF(DQ24="","",IF(DQ24>=B$10,"Y","N")) | DS24: =IF(DQ24="","",IF(DQ24<50%,1,IF(AND(DQ24>=50%,DQ24<B$10),2,IF(DQ24>=B$10,3)))) | DT24: =IF(B24<>"",IFERROR(IF((SUMIF(D$14:CS$14,"CLO9",D24:CS24)/'Grade computation'!I$12)=0,0,(SUMIF(D$14:CS$14,"CLO9",D24:CS24)/'Grade computation'!I$12)),""),"") | DU24: =IF(DT24="","",IF(DT24>=B$10,"Y","N")) | DV24: =IF(DT24="","",IF(DT24<50%,1,IF(AND(DT24>=50%,DT24<B$10),2,IF(DT24>=B$10,3)))) | DW24: =IF(B24<>"",IFERROR(IF((SUMIF(D$14:CS$14,"CLO10",D24:CS24)/'Grade computation'!I$13)=0,0,(SUMIF(D$14:CS$14,"CLO10",D24:CS24)/'Grade computation'!I$13)),""),"") | DX24: =IF(DW24="","",IF(DW24>=B$10,"Y","N")) | DY24: =IF(DW24="","",IF(DW24<50%,1,IF(AND(DW24>=50%,DW24<B$10),2,IF(DW24>=B$10,3))))
AH25: =IF(B25<>"",SUMIF(D$12:AG$12,"TLA",D25:AG25),"") | AI25: =IF(B25<>"",SUMIF(D$12:AG$12,"AT",D25:AG25),"") | BN25: =IF(B25<>"", SUMIF(AJ$12:BM$12,"TLA",AJ25:BM25), "") | BO25: =IF(B25<>"", SUMIF(AJ$12:BM$12,"AT",AJ25:BM25), "") | CT25: =IF(B25<>"",SUMIF(BP$12:CS$12,"TLA",BP25:CS25), "") | CU25: =IF(B25<>"",SUMIF(BP$12:CS$12,"AT",BP25:CS25), "") | CV25: =IF(B25<>"",IFERROR(SUMIF(D$14:CS$14, "CLO1", D25:CS25)/'Grade computation'!I$4,""),"") | CW25: =IF(CV25="","",IF(CV25>=B$10,"Y","N")) | CX25: =IF(CV25="","",IF(CV25<50%,1,IF(AND(CV25>=50%,CV25<B$10),2,IF(CV25>=B$10,3)))) | CY25: =IF(B25<>"",IFERROR(IF((SUMIF(D$14:CS$14,"CLO2",D25:CS25)/'Grade computation'!I$5)=0,0,(SUMIF(D$14:CS$14,"CLO2",D25:CS25)/'Grade computation'!I$5)),""),"") | CZ25: =IF(CY25="","",IF(CY25>=B$10,"Y","N")) | DA25: =IF(CY25="","",IF(CY25<50%,1,IF(AND(CY25>=50%,CY25<B$10),2,IF(CY25>=B$10,3)))) | DB25: =IF(B25<>"",IFERROR(IF((SUMIF(D$14:CS$14,"CLO3",D25:CS25)/'Grade computation'!I$6)=0,0,(SUMIF(D$14:CS$14,"CLO3",D25:CS25)/'Grade computation'!I$6)),""),"") | DC25: =IF(DB25="","",IF(DB25>=B$10,"Y","N")) | DD25: =IF(DB25="","",IF(DB25<50%,1,IF(AND(DB25>=50%,DB25<B$10),2,IF(DB25>=B$10,3)))) | DE25: =IF(B25<>"",IFERROR(SUMIF(D$14:CS$14,"CLO4",D25:CS25)/'Grade computation'!I$7,""),"") | DF25: =IF(DE25="","",IF(DE25>=B$10,"Y","N")) | DG25: =IF(DE25="","",IF(DE25<50%,1,IF(AND(DE25>=50%,DE25<B$10),2,IF(DE25>=B$10,3)))) | DH25: =IF(B25<>"",IFERROR(IF((SUMIF(D$14:CS$14,"CLO5",D25:CS25)/'Grade computation'!I$8)=0,0,(SUMIF(D$14:CS$14,"CLO5",D25:CS25)/'Grade computation'!I$8)),""),"") | DI25: =IF(DH25="","",IF(DH25>=B$10,"Y","N")) | DJ25: =IF(DH25="","",IF(DH25<50%,1,IF(AND(DH25>=50%,DH25<B$10),2,IF(DH25>=B$10,3)))) | DK25: =IF(B25<>"",IFERROR(IF((SUMIF(D$14:CS$14,"CLO6",D25:CS25)/'Grade computation'!I$9)=0,0,(SUMIF(D$14:CS$14,"CLO6",D25:CS25)/'Grade computation'!I$9)),""),"") | DL25: =IF(DK25="","",IF(DK25>=B$10,"Y","N")) | DM25: =IF(DK25="","",IF(DK25<50%,1,IF(AND(DK25>=50%,DK25<B$10),2,IF(DK25>=B$10,3)))) | DN25: =IF(B25<>"",IFERROR(IF((SUMIF(D$14:CS$14,"CLO7",D25:CS25)/'Grade computation'!I$10)=0,0,(SUMIF(D$14:CS$14,"CLO7",D25:CS25)/'Grade computation'!I$10)),""),"") | DO25: =IF(DN25="","",IF(DN25>=B$10,"Y","N")) | DP25: =IF(DN25="","",IF(DN25<50%,1,IF(AND(DN25>=50%,DN25<B$10),2,IF(DN25>=B$10,3)))) | DQ25: =IF(B25<>"",IFERROR(IF((SUMIF(D$14:CS$14,"CLO8",D25:CS25)/'Grade computation'!I$11)=0,0,(SUMIF(D$14:CS$14,"CLO8",D25:CS25)/'Grade computation'!I$11)),""),"") | DR25: =IF(DQ25="","",IF(DQ25>=B$10,"Y","N")) | DS25: =IF(DQ25="","",IF(DQ25<50%,1,IF(AND(DQ25>=50%,DQ25<B$10),2,IF(DQ25>=B$10,3)))) | DT25: =IF(B25<>"",IFERROR(IF((SUMIF(D$14:CS$14,"CLO9",D25:CS25)/'Grade computation'!I$12)=0,0,(SUMIF(D$14:CS$14,"CLO9",D25:CS25)/'Grade computation'!I$12)),""),"") | DU25: =IF(DT25="","",IF(DT25>=B$10,"Y","N")) | DV25: =IF(DT25="","",IF(DT25<50%,1,IF(AND(DT25>=50%,DT25<B$10),2,IF(DT25>=B$10,3)))) | DW25: =IF(B25<>"",IFERROR(IF((SUMIF(D$14:CS$14,"CLO10",D25:CS25)/'Grade computation'!I$13)=0,0,(SUMIF(D$14:CS$14,"CLO10",D25:CS25)/'Grade computation'!I$13)),""),"") | DX25: =IF(DW25="","",IF(DW25>=B$10,"Y","N")) | DY25: =IF(DW25="","",IF(DW25<50%,1,IF(AND(DW25>=50%,DW25<B$10),2,IF(DW25>=B$10,3))))
AH26: =IF(B26<>"",SUMIF(D$12:AG$12,"TLA",D26:AG26),"") | AI26: =IF(B26<>"",SUMIF(D$12:AG$12,"AT",D26:AG26),"") | BN26: =IF(B26<>"", SUMIF(AJ$12:BM$12,"TLA",AJ26:BM26), "") | BO26: =IF(B26<>"", SUMIF(AJ$12:BM$12,"AT",AJ26:BM26), "") | CT26: =IF(B26<>"",SUMIF(BP$12:CS$12,"TLA",BP26:CS26), "") | CU26: =IF(B26<>"",SUMIF(BP$12:CS$12,"AT",BP26:CS26), "") | CV26: =IF(B26<>"",IFERROR(SUMIF(D$14:CS$14, "CLO1", D26:CS26)/'Grade computation'!I$4,""),"") | CW26: =IF(CV26="","",IF(CV26>=B$10,"Y","N")) | CX26: =IF(CV26="","",IF(CV26<50%,1,IF(AND(CV26>=50%,CV26<B$10),2,IF(CV26>=B$10,3)))) | CY26: =IF(B26<>"",IFERROR(IF((SUMIF(D$14:CS$14,"CLO2",D26:CS26)/'Grade computation'!I$5)=0,0,(SUMIF(D$14:CS$14,"CLO2",D26:CS26)/'Grade computation'!I$5)),""),"") | CZ26: =IF(CY26="","",IF(CY26>=B$10,"Y","N")) | DA26: =IF(CY26="","",IF(CY26<50%,1,IF(AND(CY26>=50%,CY26<B$10),2,IF(CY26>=B$10,3)))) | DB26: =IF(B26<>"",IFERROR(IF((SUMIF(D$14:CS$14,"CLO3",D26:CS26)/'Grade computation'!I$6)=0,0,(SUMIF(D$14:CS$14,"CLO3",D26:CS26)/'Grade computation'!I$6)),""),"") | DC26: =IF(DB26="","",IF(DB26>=B$10,"Y","N")) | DD26: =IF(DB26="","",IF(DB26<50%,1,IF(AND(DB26>=50%,DB26<B$10),2,IF(DB26>=B$10,3)))) | DE26: =IF(B26<>"",IFERROR(SUMIF(D$14:CS$14,"CLO4",D26:CS26)/'Grade computation'!I$7,""),"") | DF26: =IF(DE26="","",IF(DE26>=B$10,"Y","N")) | DG26: =IF(DE26="","",IF(DE26<50%,1,IF(AND(DE26>=50%,DE26<B$10),2,IF(DE26>=B$10,3)))) | DH26: =IF(B26<>"",IFERROR(IF((SUMIF(D$14:CS$14,"CLO5",D26:CS26)/'Grade computation'!I$8)=0,0,(SUMIF(D$14:CS$14,"CLO5",D26:CS26)/'Grade computation'!I$8)),""),"") | DI26: =IF(DH26="","",IF(DH26>=B$10,"Y","N")) | DJ26: =IF(DH26="","",IF(DH26<50%,1,IF(AND(DH26>=50%,DH26<B$10),2,IF(DH26>=B$10,3)))) | DK26: =IF(B26<>"",IFERROR(IF((SUMIF(D$14:CS$14,"CLO6",D26:CS26)/'Grade computation'!I$9)=0,0,(SUMIF(D$14:CS$14,"CLO6",D26:CS26)/'Grade computation'!I$9)),""),"") | DL26: =IF(DK26="","",IF(DK26>=B$10,"Y","N")) | DM26: =IF(DK26="","",IF(DK26<50%,1,IF(AND(DK26>=50%,DK26<B$10),2,IF(DK26>=B$10,3)))) | DN26: =IF(B26<>"",IFERROR(IF((SUMIF(D$14:CS$14,"CLO7",D26:CS26)/'Grade computation'!I$10)=0,0,(SUMIF(D$14:CS$14,"CLO7",D26:CS26)/'Grade computation'!I$10)),""),"") | DO26: =IF(DN26="","",IF(DN26>=B$10,"Y","N")) | DP26: =IF(DN26="","",IF(DN26<50%,1,IF(AND(DN26>=50%,DN26<B$10),2,IF(DN26>=B$10,3)))) | DQ26: =IF(B26<>"",IFERROR(IF((SUMIF(D$14:CS$14,"CLO8",D26:CS26)/'Grade computation'!I$11)=0,0,(SUMIF(D$14:CS$14,"CLO8",D26:CS26)/'Grade computation'!I$11)),""),"") | DR26: =IF(DQ26="","",IF(DQ26>=B$10,"Y","N")) | DS26: =IF(DQ26="","",IF(DQ26<50%,1,IF(AND(DQ26>=50%,DQ26<B$10),2,IF(DQ26>=B$10,3)))) | DT26: =IF(B26<>"",IFERROR(IF((SUMIF(D$14:CS$14,"CLO9",D26:CS26)/'Grade computation'!I$12)=0,0,(SUMIF(D$14:CS$14,"CLO9",D26:CS26)/'Grade computation'!I$12)),""),"") | DU26: =IF(DT26="","",IF(DT26>=B$10,"Y","N")) | DV26: =IF(DT26="","",IF(DT26<50%,1,IF(AND(DT26>=50%,DT26<B$10),2,IF(DT26>=B$10,3)))) | DW26: =IF(B26<>"",IFERROR(IF((SUMIF(D$14:CS$14,"CLO10",D26:CS26)/'Grade computation'!I$13)=0,0,(SUMIF(D$14:CS$14,"CLO10",D26:CS26)/'Grade computation'!I$13)),""),"") | DX26: =IF(DW26="","",IF(DW26>=B$10,"Y","N")) | DY26: =IF(DW26="","",IF(DW26<50%,1,IF(AND(DW26>=50%,DW26<B$10),2,IF(DW26>=B$10,3))))
AH27: =IF(B27<>"",SUMIF(D$12:AG$12,"TLA",D27:AG27),"") | AI27: =IF(B27<>"",SUMIF(D$12:AG$12,"AT",D27:AG27),"") | BN27: =IF(B27<>"", SUMIF(AJ$12:BM$12,"TLA",AJ27:BM27), "") | BO27: =IF(B27<>"", SUMIF(AJ$12:BM$12,"AT",AJ27:BM27), "") | CT27: =IF(B27<>"",SUMIF(BP$12:CS$12,"TLA",BP27:CS27), "") | CU27: =IF(B27<>"",SUMIF(BP$12:CS$12,"AT",BP27:CS27), "") | CV27: =IF(B27<>"",IFERROR(SUMIF(D$14:CS$14, "CLO1", D27:CS27)/'Grade computation'!I$4,""),"") | CW27: =IF(CV27="","",IF(CV27>=B$10,"Y","N")) | CX27: =IF(CV27="","",IF(CV27<50%,1,IF(AND(CV27>=50%,CV27<B$10),2,IF(CV27>=B$10,3)))) | CY27: =IF(B27<>"",IFERROR(IF((SUMIF(D$14:CS$14,"CLO2",D27:CS27)/'Grade computation'!I$5)=0,0,(SUMIF(D$14:CS$14,"CLO2",D27:CS27)/'Grade computation'!I$5)),""),"") | CZ27: =IF(CY27="","",IF(CY27>=B$10,"Y","N")) | DA27: =IF(CY27="","",IF(CY27<50%,1,IF(AND(CY27>=50%,CY27<B$10),2,IF(CY27>=B$10,3)))) | DB27: =IF(B27<>"",IFERROR(IF((SUMIF(D$14:CS$14,"CLO3",D27:CS27)/'Grade computation'!I$6)=0,0,(SUMIF(D$14:CS$14,"CLO3",D27:CS27)/'Grade computation'!I$6)),""),"") | DC27: =IF(DB27="","",IF(DB27>=B$10,"Y","N")) | DD27: =IF(DB27="","",IF(DB27<50%,1,IF(AND(DB27>=50%,DB27<B$10),2,IF(DB27>=B$10,3)))) | DE27: =IF(B27<>"",IFERROR(SUMIF(D$14:CS$14,"CLO4",D27:CS27)/'Grade computation'!I$7,""),"") | DF27: =IF(DE27="","",IF(DE27>=B$10,"Y","N")) | DG27: =IF(DE27="","",IF(DE27<50%,1,IF(AND(DE27>=50%,DE27<B$10),2,IF(DE27>=B$10,3)))) | DH27: =IF(B27<>"",IFERROR(IF((SUMIF(D$14:CS$14,"CLO5",D27:CS27)/'Grade computation'!I$8)=0,0,(SUMIF(D$14:CS$14,"CLO5",D27:CS27)/'Grade computation'!I$8)),""),"") | DI27: =IF(DH27="","",IF(DH27>=B$10,"Y","N")) | DJ27: =IF(DH27="","",IF(DH27<50%,1,IF(AND(DH27>=50%,DH27<B$10),2,IF(DH27>=B$10,3)))) | DK27: =IF(B27<>"",IFERROR(IF((SUMIF(D$14:CS$14,"CLO6",D27:CS27)/'Grade computation'!I$9)=0,0,(SUMIF(D$14:CS$14,"CLO6",D27:CS27)/'Grade computation'!I$9)),""),"") | DL27: =IF(DK27="","",IF(DK27>=B$10,"Y","N")) | DM27: =IF(DK27="","",IF(DK27<50%,1,IF(AND(DK27>=50%,DK27<B$10),2,IF(DK27>=B$10,3)))) | DN27: =IF(B27<>"",IFERROR(IF((SUMIF(D$14:CS$14,"CLO7",D27:CS27)/'Grade computation'!I$10)=0,0,(SUMIF(D$14:CS$14,"CLO7",D27:CS27)/'Grade computation'!I$10)),""),"") | DO27: =IF(DN27="","",IF(DN27>=B$10,"Y","N")) | DP27: =IF(DN27="","",IF(DN27<50%,1,IF(AND(DN27>=50%,DN27<B$10),2,IF(DN27>=B$10,3)))) | DQ27: =IF(B27<>"",IFERROR(IF((SUMIF(D$14:CS$14,"CLO8",D27:CS27)/'Grade computation'!I$11)=0,0,(SUMIF(D$14:CS$14,"CLO8",D27:CS27)/'Grade computation'!I$11)),""),"") | DR27: =IF(DQ27="","",IF(DQ27>=B$10,"Y","N")) | DS27: =IF(DQ27="","",IF(DQ27<50%,1,IF(AND(DQ27>=50%,DQ27<B$10),2,IF(DQ27>=B$10,3)))) | DT27: =IF(B27<>"",IFERROR(IF((SUMIF(D$14:CS$14,"CLO9",D27:CS27)/'Grade computation'!I$12)=0,0,(SUMIF(D$14:CS$14,"CLO9",D27:CS27)/'Grade computation'!I$12)),""),"") | DU27: =IF(DT27="","",IF(DT27>=B$10,"Y","N")) | DV27: =IF(DT27="","",IF(DT27<50%,1,IF(AND(DT27>=50%,DT27<B$10),2,IF(DT27>=B$10,3)))) | DW27: =IF(B27<>"",IFERROR(IF((SUMIF(D$14:CS$14,"CLO10",D27:CS27)/'Grade computation'!I$13)=0,0,(SUMIF(D$14:CS$14,"CLO10",D27:CS27)/'Grade computation'!I$13)),""),"") | DX27: =IF(DW27="","",IF(DW27>=B$10,"Y","N")) | DY27: =IF(DW27="","",IF(DW27<50%,1,IF(AND(DW27>=50%,DW27<B$10),2,IF(DW27>=B$10,3))))
AH28: =IF(B28<>"",SUMIF(D$12:AG$12,"TLA",D28:AG28),"") | AI28: =IF(B28<>"",SUMIF(D$12:AG$12,"AT",D28:AG28),"") | BN28: =IF(B28<>"", SUMIF(AJ$12:BM$12,"TLA",AJ28:BM28), "") | BO28: =IF(B28<>"", SUMIF(AJ$12:BM$12,"AT",AJ28:BM28), "") | CT28: =IF(B28<>"",SUMIF(BP$12:CS$12,"TLA",BP28:CS28), "") | CU28: =IF(B28<>"",SUMIF(BP$12:CS$12,"AT",BP28:CS28), "") | CV28: =IF(B28<>"",IFERROR(SUMIF(D$14:CS$14, "CLO1", D28:CS28)/'Grade computation'!I$4,""),"") | CW28: =IF(CV28="","",IF(CV28>=B$10,"Y","N")) | CX28: =IF(CV28="","",IF(CV28<50%,1,IF(AND(CV28>=50%,CV28<B$10),2,IF(CV28>=B$10,3)))) | CY28: =IF(B28<>"",IFERROR(IF((SUMIF(D$14:CS$14,"CLO2",D28:CS28)/'Grade computation'!I$5)=0,0,(SUMIF(D$14:CS$14,"CLO2",D28:CS28)/'Grade computation'!I$5)),""),"") | CZ28: =IF(CY28="","",IF(CY28>=B$10,"Y","N")) | DA28: =IF(CY28="","",IF(CY28<50%,1,IF(AND(CY28>=50%,CY28<B$10),2,IF(CY28>=B$10,3)))) | DB28: =IF(B28<>"",IFERROR(IF((SUMIF(D$14:CS$14,"CLO3",D28:CS28)/'Grade computation'!I$6)=0,0,(SUMIF(D$14:CS$14,"CLO3",D28:CS28)/'Grade computation'!I$6)),""),"") | DC28: =IF(DB28="","",IF(DB28>=B$10,"Y","N")) | DD28: =IF(DB28="","",IF(DB28<50%,1,IF(AND(DB28>=50%,DB28<B$10),2,IF(DB28>=B$10,3)))) | DE28: =IF(B28<>"",IFERROR(SUMIF(D$14:CS$14,"CLO4",D28:CS28)/'Grade computation'!I$7,""),"") | DF28: =IF(DE28="","",IF(DE28>=B$10,"Y","N")) | DG28: =IF(DE28="","",IF(DE28<50%,1,IF(AND(DE28>=50%,DE28<B$10),2,IF(DE28>=B$10,3)))) | DH28: =IF(B28<>"",IFERROR(IF((SUMIF(D$14:CS$14,"CLO5",D28:CS28)/'Grade computation'!I$8)=0,0,(SUMIF(D$14:CS$14,"CLO5",D28:CS28)/'Grade computation'!I$8)),""),"") | DI28: =IF(DH28="","",IF(DH28>=B$10,"Y","N")) | DJ28: =IF(DH28="","",IF(DH28<50%,1,IF(AND(DH28>=50%,DH28<B$10),2,IF(DH28>=B$10,3)))) | DK28: =IF(B28<>"",IFERROR(IF((SUMIF(D$14:CS$14,"CLO6",D28:CS28)/'Grade computation'!I$9)=0,0,(SUMIF(D$14:CS$14,"CLO6",D28:CS28)/'Grade computation'!I$9)),""),"") | DL28: =IF(DK28="","",IF(DK28>=B$10,"Y","N")) | DM28: =IF(DK28="","",IF(DK28<50%,1,IF(AND(DK28>=50%,DK28<B$10),2,IF(DK28>=B$10,3)))) | DN28: =IF(B28<>"",IFERROR(IF((SUMIF(D$14:CS$14,"CLO7",D28:CS28)/'Grade computation'!I$10)=0,0,(SUMIF(D$14:CS$14,"CLO7",D28:CS28)/'Grade computation'!I$10)),""),"") | DO28: =IF(DN28="","",IF(DN28>=B$10,"Y","N")) | DP28: =IF(DN28="","",IF(DN28<50%,1,IF(AND(DN28>=50%,DN28<B$10),2,IF(DN28>=B$10,3)))) | DQ28: =IF(B28<>"",IFERROR(IF((SUMIF(D$14:CS$14,"CLO8",D28:CS28)/'Grade computation'!I$11)=0,0,(SUMIF(D$14:CS$14,"CLO8",D28:CS28)/'Grade computation'!I$11)),""),"") | DR28: =IF(DQ28="","",IF(DQ28>=B$10,"Y","N")) | DS28: =IF(DQ28="","",IF(DQ28<50%,1,IF(AND(DQ28>=50%,DQ28<B$10),2,IF(DQ28>=B$10,3)))) | DT28: =IF(B28<>"",IFERROR(IF((SUMIF(D$14:CS$14,"CLO9",D28:CS28)/'Grade computation'!I$12)=0,0,(SUMIF(D$14:CS$14,"CLO9",D28:CS28)/'Grade computation'!I$12)),""),"") | DU28: =IF(DT28="","",IF(DT28>=B$10,"Y","N")) | DV28: =IF(DT28="","",IF(DT28<50%,1,IF(AND(DT28>=50%,DT28<B$10),2,IF(DT28>=B$10,3)))) | DW28: =IF(B28<>"",IFERROR(IF((SUMIF(D$14:CS$14,"CLO10",D28:CS28)/'Grade computation'!I$13)=0,0,(SUMIF(D$14:CS$14,"CLO10",D28:CS28)/'Grade computation'!I$13)),""),"") | DX28: =IF(DW28="","",IF(DW28>=B$10,"Y","N")) | DY28: =IF(DW28="","",IF(DW28<50%,1,IF(AND(DW28>=50%,DW28<B$10),2,IF(DW28>=B$10,3))))
AH29: =IF(B29<>"",SUMIF(D$12:AG$12,"TLA",D29:AG29),"") | AI29: =IF(B29<>"",SUMIF(D$12:AG$12,"AT",D29:AG29),"") | BN29: =IF(B29<>"", SUMIF(AJ$12:BM$12,"TLA",AJ29:BM29), "") | BO29: =IF(B29<>"", SUMIF(AJ$12:BM$12,"AT",AJ29:BM29), "") | CT29: =IF(B29<>"",SUMIF(BP$12:CS$12,"TLA",BP29:CS29), "") | CU29: =IF(B29<>"",SUMIF(BP$12:CS$12,"AT",BP29:CS29), "") | CV29: =IF(B29<>"",IFERROR(SUMIF(D$14:CS$14, "CLO1", D29:CS29)/'Grade computation'!I$4,""),"") | CW29: =IF(CV29="","",IF(CV29>=B$10,"Y","N")) | CX29: =IF(CV29="","",IF(CV29<50%,1,IF(AND(CV29>=50%,CV29<B$10),2,IF(CV29>=B$10,3)))) | CY29: =IF(B29<>"",IFERROR(IF((SUMIF(D$14:CS$14,"CLO2",D29:CS29)/'Grade computation'!I$5)=0,0,(SUMIF(D$14:CS$14,"CLO2",D29:CS29)/'Grade computation'!I$5)),""),"") | CZ29: =IF(CY29="","",IF(CY29>=B$10,"Y","N")) | DA29: =IF(CY29="","",IF(CY29<50%,1,IF(AND(CY29>=50%,CY29<B$10),2,IF(CY29>=B$10,3)))) | DB29: =IF(B29<>"",IFERROR(IF((SUMIF(D$14:CS$14,"CLO3",D29:CS29)/'Grade computation'!I$6)=0,0,(SUMIF(D$14:CS$14,"CLO3",D29:CS29)/'Grade computation'!I$6)),""),"") | DC29: =IF(DB29="","",IF(DB29>=B$10,"Y","N")) | DD29: =IF(DB29="","",IF(DB29<50%,1,IF(AND(DB29>=50%,DB29<B$10),2,IF(DB29>=B$10,3)))) | DE29: =IF(B29<>"",IFERROR(SUMIF(D$14:CS$14,"CLO4",D29:CS29)/'Grade computation'!I$7,""),"") | DF29: =IF(DE29="","",IF(DE29>=B$10,"Y","N")) | DG29: =IF(DE29="","",IF(DE29<50%,1,IF(AND(DE29>=50%,DE29<B$10),2,IF(DE29>=B$10,3)))) | DH29: =IF(B29<>"",IFERROR(IF((SUMIF(D$14:CS$14,"CLO5",D29:CS29)/'Grade computation'!I$8)=0,0,(SUMIF(D$14:CS$14,"CLO5",D29:CS29)/'Grade computation'!I$8)),""),"") | DI29: =IF(DH29="","",IF(DH29>=B$10,"Y","N")) | DJ29: =IF(DH29="","",IF(DH29<50%,1,IF(AND(DH29>=50%,DH29<B$10),2,IF(DH29>=B$10,3)))) | DK29: =IF(B29<>"",IFERROR(IF((SUMIF(D$14:CS$14,"CLO6",D29:CS29)/'Grade computation'!I$9)=0,0,(SUMIF(D$14:CS$14,"CLO6",D29:CS29)/'Grade computation'!I$9)),""),"") | DL29: =IF(DK29="","",IF(DK29>=B$10,"Y","N")) | DM29: =IF(DK29="","",IF(DK29<50%,1,IF(AND(DK29>=50%,DK29<B$10),2,IF(DK29>=B$10,3)))) | DN29: =IF(B29<>"",IFERROR(IF((SUMIF(D$14:CS$14,"CLO7",D29:CS29)/'Grade computation'!I$10)=0,0,(SUMIF(D$14:CS$14,"CLO7",D29:CS29)/'Grade computation'!I$10)),""),"") | DO29: =IF(DN29="","",IF(DN29>=B$10,"Y","N")) | DP29: =IF(DN29="","",IF(DN29<50%,1,IF(AND(DN29>=50%,DN29<B$10),2,IF(DN29>=B$10,3)))) | DQ29: =IF(B29<>"",IFERROR(IF((SUMIF(D$14:CS$14,"CLO8",D29:CS29)/'Grade computation'!I$11)=0,0,(SUMIF(D$14:CS$14,"CLO8",D29:CS29)/'Grade computation'!I$11)),""),"") | DR29: =IF(DQ29="","",IF(DQ29>=B$10,"Y","N")) | DS29: =IF(DQ29="","",IF(DQ29<50%,1,IF(AND(DQ29>=50%,DQ29<B$10),2,IF(DQ29>=B$10,3)))) | DT29: =IF(B29<>"",IFERROR(IF((SUMIF(D$14:CS$14,"CLO9",D29:CS29)/'Grade computation'!I$12)=0,0,(SUMIF(D$14:CS$14,"CLO9",D29:CS29)/'Grade computation'!I$12)),""),"") | DU29: =IF(DT29="","",IF(DT29>=B$10,"Y","N")) | DV29: =IF(DT29="","",IF(DT29<50%,1,IF(AND(DT29>=50%,DT29<B$10),2,IF(DT29>=B$10,3)))) | DW29: =IF(B29<>"",IFERROR(IF((SUMIF(D$14:CS$14,"CLO10",D29:CS29)/'Grade computation'!I$13)=0,0,(SUMIF(D$14:CS$14,"CLO10",D29:CS29)/'Grade computation'!I$13)),""),"") | DX29: =IF(DW29="","",IF(DW29>=B$10,"Y","N")) | DY29: =IF(DW29="","",IF(DW29<50%,1,IF(AND(DW29>=50%,DW29<B$10),2,IF(DW29>=B$10,3))))
AH30: =IF(B30<>"",SUMIF(D$12:AG$12,"TLA",D30:AG30),"") | AI30: =IF(B30<>"",SUMIF(D$12:AG$12,"AT",D30:AG30),"") | BN30: =IF(B30<>"", SUMIF(AJ$12:BM$12,"TLA",AJ30:BM30), "") | BO30: =IF(B30<>"", SUMIF(AJ$12:BM$12,"AT",AJ30:BM30), "") | CT30: =IF(B30<>"",SUMIF(BP$12:CS$12,"TLA",BP30:CS30), "") | CU30: =IF(B30<>"",SUMIF(BP$12:CS$12,"AT",BP30:CS30), "") | CV30: =IF(B30<>"",IFERROR(SUMIF(D$14:CS$14, "CLO1", D30:CS30)/'Grade computation'!I$4,""),"") | CW30: =IF(CV30="","",IF(CV30>=B$10,"Y","N")) | CX30: =IF(CV30="","",IF(CV30<50%,1,IF(AND(CV30>=50%,CV30<B$10),2,IF(CV30>=B$10,3)))) | CY30: =IF(B30<>"",IFERROR(IF((SUMIF(D$14:CS$14,"CLO2",D30:CS30)/'Grade computation'!I$5)=0,0,(SUMIF(D$14:CS$14,"CLO2",D30:CS30)/'Grade computation'!I$5)),""),"") | CZ30: =IF(CY30="","",IF(CY30>=B$10,"Y","N")) | DA30: =IF(CY30="","",IF(CY30<50%,1,IF(AND(CY30>=50%,CY30<B$10),2,IF(CY30>=B$10,3)))) | DB30: =IF(B30<>"",IFERROR(IF((SUMIF(D$14:CS$14,"CLO3",D30:CS30)/'Grade computation'!I$6)=0,0,(SUMIF(D$14:CS$14,"CLO3",D30:CS30)/'Grade computation'!I$6)),""),"") | DC30: =IF(DB30="","",IF(DB30>=B$10,"Y","N")) | DD30: =IF(DB30="","",IF(DB30<50%,1,IF(AND(DB30>=50%,DB30<B$10),2,IF(DB30>=B$10,3)))) | DE30: =IF(B30<>"",IFERROR(SUMIF(D$14:CS$14,"CLO4",D30:CS30)/'Grade computation'!I$7,""),"") | DF30: =IF(DE30="","",IF(DE30>=B$10,"Y","N")) | DG30: =IF(DE30="","",IF(DE30<50%,1,IF(AND(DE30>=50%,DE30<B$10),2,IF(DE30>=B$10,3)))) | DH30: =IF(B30<>"",IFERROR(IF((SUMIF(D$14:CS$14,"CLO5",D30:CS30)/'Grade computation'!I$8)=0,0,(SUMIF(D$14:CS$14,"CLO5",D30:CS30)/'Grade computation'!I$8)),""),"") | DI30: =IF(DH30="","",IF(DH30>=B$10,"Y","N")) | DJ30: =IF(DH30="","",IF(DH30<50%,1,IF(AND(DH30>=50%,DH30<B$10),2,IF(DH30>=B$10,3)))) | DK30: =IF(B30<>"",IFERROR(IF((SUMIF(D$14:CS$14,"CLO6",D30:CS30)/'Grade computation'!I$9)=0,0,(SUMIF(D$14:CS$14,"CLO6",D30:CS30)/'Grade computation'!I$9)),""),"") | DL30: =IF(DK30="","",IF(DK30>=B$10,"Y","N")) | DM30: =IF(DK30="","",IF(DK30<50%,1,IF(AND(DK30>=50%,DK30<B$10),2,IF(DK30>=B$10,3)))) | DN30: =IF(B30<>"",IFERROR(IF((SUMIF(D$14:CS$14,"CLO7",D30:CS30)/'Grade computation'!I$10)=0,0,(SUMIF(D$14:CS$14,"CLO7",D30:CS30)/'Grade computation'!I$10)),""),"") | DO30: =IF(DN30="","",IF(DN30>=B$10,"Y","N")) | DP30: =IF(DN30="","",IF(DN30<50%,1,IF(AND(DN30>=50%,DN30<B$10),2,IF(DN30>=B$10,3)))) | DQ30: =IF(B30<>"",IFERROR(IF((SUMIF(D$14:CS$14,"CLO8",D30:CS30)/'Grade computation'!I$11)=0,0,(SUMIF(D$14:CS$14,"CLO8",D30:CS30)/'Grade computation'!I$11)),""),"") | DR30: =IF(DQ30="","",IF(DQ30>=B$10,"Y","N")) | DS30: =IF(DQ30="","",IF(DQ30<50%,1,IF(AND(DQ30>=50%,DQ30<B$10),2,IF(DQ30>=B$10,3)))) | DT30: =IF(B30<>"",IFERROR(IF((SUMIF(D$14:CS$14,"CLO9",D30:CS30)/'Grade computation'!I$12)=0,0,(SUMIF(D$14:CS$14,"CLO9",D30:CS30)/'Grade computation'!I$12)),""),"") | DU30: =IF(DT30="","",IF(DT30>=B$10,"Y","N")) | DV30: =IF(DT30="","",IF(DT30<50%,1,IF(AND(DT30>=50%,DT30<B$10),2,IF(DT30>=B$10,3)))) | DW30: =IF(B30<>"",IFERROR(IF((SUMIF(D$14:CS$14,"CLO10",D30:CS30)/'Grade computation'!I$13)=0,0,(SUMIF(D$14:CS$14,"CLO10",D30:CS30)/'Grade computation'!I$13)),""),"") | DX30: =IF(DW30="","",IF(DW30>=B$10,"Y","N")) | DY30: =IF(DW30="","",IF(DW30<50%,1,IF(AND(DW30>=50%,DW30<B$10),2,IF(DW30>=B$10,3))))
AH31: =IF(B31<>"",SUMIF(D$12:AG$12,"TLA",D31:AG31),"") | AI31: =IF(B31<>"",SUMIF(D$12:AG$12,"AT",D31:AG31),"") | BN31: =IF(B31<>"", SUMIF(AJ$12:BM$12,"TLA",AJ31:BM31), "") | BO31: =IF(B31<>"", SUMIF(AJ$12:BM$12,"AT",AJ31:BM31), "") | CT31: =IF(B31<>"",SUMIF(BP$12:CS$12,"TLA",BP31:CS31), "") | CU31: =IF(B31<>"",SUMIF(BP$12:CS$12,"AT",BP31:CS31), "") | CV31: =IF(B31<>"",IFERROR(SUMIF(D$14:CS$14, "CLO1", D31:CS31)/'Grade computation'!I$4,""),"") | CW31: =IF(CV31="","",IF(CV31>=B$10,"Y","N")) | CX31: =IF(CV31="","",IF(CV31<50%,1,IF(AND(CV31>=50%,CV31<B$10),2,IF(CV31>=B$10,3)))) | CY31: =IF(B31<>"",IFERROR(IF((SUMIF(D$14:CS$14,"CLO2",D31:CS31)/'Grade computation'!I$5)=0,0,(SUMIF(D$14:CS$14,"CLO2",D31:CS31)/'Grade computation'!I$5)),""),"") | CZ31: =IF(CY31="","",IF(CY31>=B$10,"Y","N")) | DA31: =IF(CY31="","",IF(CY31<50%,1,IF(AND(CY31>=50%,CY31<B$10),2,IF(CY31>=B$10,3)))) | DB31: =IF(B31<>"",IFERROR(IF((SUMIF(D$14:CS$14,"CLO3",D31:CS31)/'Grade computation'!I$6)=0,0,(SUMIF(D$14:CS$14,"CLO3",D31:CS31)/'Grade computation'!I$6)),""),"") | DC31: =IF(DB31="","",IF(DB31>=B$10,"Y","N")) | DD31: =IF(DB31="","",IF(DB31<50%,1,IF(AND(DB31>=50%,DB31<B$10),2,IF(DB31>=B$10,3)))) | DE31: =IF(B31<>"",IFERROR(SUMIF(D$14:CS$14,"CLO4",D31:CS31)/'Grade computation'!I$7,""),"") | DF31: =IF(DE31="","",IF(DE31>=B$10,"Y","N")) | DG31: =IF(DE31="","",IF(DE31<50%,1,IF(AND(DE31>=50%,DE31<B$10),2,IF(DE31>=B$10,3)))) | DH31: =IF(B31<>"",IFERROR(IF((SUMIF(D$14:CS$14,"CLO5",D31:CS31)/'Grade computation'!I$8)=0,0,(SUMIF(D$14:CS$14,"CLO5",D31:CS31)/'Grade computation'!I$8)),""),"") | DI31: =IF(DH31="","",IF(DH31>=B$10,"Y","N")) | DJ31: =IF(DH31="","",IF(DH31<50%,1,IF(AND(DH31>=50%,DH31<B$10),2,IF(DH31>=B$10,3)))) | DK31: =IF(B31<>"",IFERROR(IF((SUMIF(D$14:CS$14,"CLO6",D31:CS31)/'Grade computation'!I$9)=0,0,(SUMIF(D$14:CS$14,"CLO6",D31:CS31)/'Grade computation'!I$9)),""),"") | DL31: =IF(DK31="","",IF(DK31>=B$10,"Y","N")) | DM31: =IF(DK31="","",IF(DK31<50%,1,IF(AND(DK31>=50%,DK31<B$10),2,IF(DK31>=B$10,3)))) | DN31: =IF(B31<>"",IFERROR(IF((SUMIF(D$14:CS$14,"CLO7",D31:CS31)/'Grade computation'!I$10)=0,0,(SUMIF(D$14:CS$14,"CLO7",D31:CS31)/'Grade computation'!I$10)),""),"") | DO31: =IF(DN31="","",IF(DN31>=B$10,"Y","N")) | DP31: =IF(DN31="","",IF(DN31<50%,1,IF(AND(DN31>=50%,DN31<B$10),2,IF(DN31>=B$10,3)))) | DQ31: =IF(B31<>"",IFERROR(IF((SUMIF(D$14:CS$14,"CLO8",D31:CS31)/'Grade computation'!I$11)=0,0,(SUMIF(D$14:CS$14,"CLO8",D31:CS31)/'Grade computation'!I$11)),""),"") | DR31: =IF(DQ31="","",IF(DQ31>=B$10,"Y","N")) | DS31: =IF(DQ31="","",IF(DQ31<50%,1,IF(AND(DQ31>=50%,DQ31<B$10),2,IF(DQ31>=B$10,3)))) | DT31: =IF(B31<>"",IFERROR(IF((SUMIF(D$14:CS$14,"CLO9",D31:CS31)/'Grade computation'!I$12)=0,0,(SUMIF(D$14:CS$14,"CLO9",D31:CS31)/'Grade computation'!I$12)),""),"") | DU31: =IF(DT31="","",IF(DT31>=B$10,"Y","N")) | DV31: =IF(DT31="","",IF(DT31<50%,1,IF(AND(DT31>=50%,DT31<B$10),2,IF(DT31>=B$10,3)))) | DW31: =IF(B31<>"",IFERROR(IF((SUMIF(D$14:CS$14,"CLO10",D31:CS31)/'Grade computation'!I$13)=0,0,(SUMIF(D$14:CS$14,"CLO10",D31:CS31)/'Grade computation'!I$13)),""),"") | DX31: =IF(DW31="","",IF(DW31>=B$10,"Y","N")) | DY31: =IF(DW31="","",IF(DW31<50%,1,IF(AND(DW31>=50%,DW31<B$10),2,IF(DW31>=B$10,3))))
AH32: =IF(B32<>"",SUMIF(D$12:AG$12,"TLA",D32:AG32),"") | AI32: =IF(B32<>"",SUMIF(D$12:AG$12,"AT",D32:AG32),"") | BN32: =IF(B32<>"", SUMIF(AJ$12:BM$12,"TLA",AJ32:BM32), "") | BO32: =IF(B32<>"", SUMIF(AJ$12:BM$12,"AT",AJ32:BM32), "") | CT32: =IF(B32<>"",SUMIF(BP$12:CS$12,"TLA",BP32:CS32), "") | CU32: =IF(B32<>"",SUMIF(BP$12:CS$12,"AT",BP32:CS32), "") | CV32: =IF(B32<>"",IFERROR(SUMIF(D$14:CS$14, "CLO1", D32:CS32)/'Grade computation'!I$4,""),"") | CW32: =IF(CV32="","",IF(CV32>=B$10,"Y","N")) | CX32: =IF(CV32="","",IF(CV32<50%,1,IF(AND(CV32>=50%,CV32<B$10),2,IF(CV32>=B$10,3)))) | CY32: =IF(B32<>"",IFERROR(IF((SUMIF(D$14:CS$14,"CLO2",D32:CS32)/'Grade computation'!I$5)=0,0,(SUMIF(D$14:CS$14,"CLO2",D32:CS32)/'Grade computation'!I$5)),""),"") | CZ32: =IF(CY32="","",IF(CY32>=B$10,"Y","N")) | DA32: =IF(CY32="","",IF(CY32<50%,1,IF(AND(CY32>=50%,CY32<B$10),2,IF(CY32>=B$10,3)))) | DB32: =IF(B32<>"",IFERROR(IF((SUMIF(D$14:CS$14,"CLO3",D32:CS32)/'Grade computation'!I$6)=0,0,(SUMIF(D$14:CS$14,"CLO3",D32:CS32)/'Grade computation'!I$6)),""),"") | DC32: =IF(DB32="","",IF(DB32>=B$10,"Y","N")) | DD32: =IF(DB32="","",IF(DB32<50%,1,IF(AND(DB32>=50%,DB32<B$10),2,IF(DB32>=B$10,3)))) | DE32: =IF(B32<>"",IFERROR(SUMIF(D$14:CS$14,"CLO4",D32:CS32)/'Grade computation'!I$7,""),"") | DF32: =IF(DE32="","",IF(DE32>=B$10,"Y","N")) | DG32: =IF(DE32="","",IF(DE32<50%,1,IF(AND(DE32>=50%,DE32<B$10),2,IF(DE32>=B$10,3)))) | DH32: =IF(B32<>"",IFERROR(IF((SUMIF(D$14:CS$14,"CLO5",D32:CS32)/'Grade computation'!I$8)=0,0,(SUMIF(D$14:CS$14,"CLO5",D32:CS32)/'Grade computation'!I$8)),""),"") | DI32: =IF(DH32="","",IF(DH32>=B$10,"Y","N")) | DJ32: =IF(DH32="","",IF(DH32<50%,1,IF(AND(DH32>=50%,DH32<B$10),2,IF(DH32>=B$10,3)))) | DK32: =IF(B32<>"",IFERROR(IF((SUMIF(D$14:CS$14,"CLO6",D32:CS32)/'Grade computation'!I$9)=0,0,(SUMIF(D$14:CS$14,"CLO6",D32:CS32)/'Grade computation'!I$9)),""),"") | DL32: =IF(DK32="","",IF(DK32>=B$10,"Y","N")) | DM32: =IF(DK32="","",IF(DK32<50%,1,IF(AND(DK32>=50%,DK32<B$10),2,IF(DK32>=B$10,3)))) | DN32: =IF(B32<>"",IFERROR(IF((SUMIF(D$14:CS$14,"CLO7",D32:CS32)/'Grade computation'!I$10)=0,0,(SUMIF(D$14:CS$14,"CLO7",D32:CS32)/'Grade computation'!I$10)),""),"") | DO32: =IF(DN32="","",IF(DN32>=B$10,"Y","N")) | DP32: =IF(DN32="","",IF(DN32<50%,1,IF(AND(DN32>=50%,DN32<B$10),2,IF(DN32>=B$10,3)))) | DQ32: =IF(B32<>"",IFERROR(IF((SUMIF(D$14:CS$14,"CLO8",D32:CS32)/'Grade computation'!I$11)=0,0,(SUMIF(D$14:CS$14,"CLO8",D32:CS32)/'Grade computation'!I$11)),""),"") | DR32: =IF(DQ32="","",IF(DQ32>=B$10,"Y","N")) | DS32: =IF(DQ32="","",IF(DQ32<50%,1,IF(AND(DQ32>=50%,DQ32<B$10),2,IF(DQ32>=B$10,3)))) | DT32: =IF(B32<>"",IFERROR(IF((SUMIF(D$14:CS$14,"CLO9",D32:CS32)/'Grade computation'!I$12)=0,0,(SUMIF(D$14:CS$14,"CLO9",D32:CS32)/'Grade computation'!I$12)),""),"") | DU32: =IF(DT32="","",IF(DT32>=B$10,"Y","N")) | DV32: =IF(DT32="","",IF(DT32<50%,1,IF(AND(DT32>=50%,DT32<B$10),2,IF(DT32>=B$10,3)))) | DW32: =IF(B32<>"",IFERROR(IF((SUMIF(D$14:CS$14,"CLO10",D32:CS32)/'Grade computation'!I$13)=0,0,(SUMIF(D$14:CS$14,"CLO10",D32:CS32)/'Grade computation'!I$13)),""),"") | DX32: =IF(DW32="","",IF(DW32>=B$10,"Y","N")) | DY32: =IF(DW32="","",IF(DW32<50%,1,IF(AND(DW32>=50%,DW32<B$10),2,IF(DW32>=B$10,3))))
AH33: =IF(B33<>"",SUMIF(D$12:AG$12,"TLA",D33:AG33),"") | AI33: =IF(B33<>"",SUMIF(D$12:AG$12,"AT",D33:AG33),"") | BN33: =IF(B33<>"", SUMIF(AJ$12:BM$12,"TLA",AJ33:BM33), "") | BO33: =IF(B33<>"", SUMIF(AJ$12:BM$12,"AT",AJ33:BM33), "") | CT33: =IF(B33<>"",SUMIF(BP$12:CS$12,"TLA",BP33:CS33), "") | CU33: =IF(B33<>"",SUMIF(BP$12:CS$12,"AT",BP33:CS33), "") | CV33: =IF(B33<>"",IFERROR(SUMIF(D$14:CS$14, "CLO1", D33:CS33)/'Grade computation'!I$4,""),"") | CW33: =IF(CV33="","",IF(CV33>=B$10,"Y","N")) | CX33: =IF(CV33="","",IF(CV33<50%,1,IF(AND(CV33>=50%,CV33<B$10),2,IF(CV33>=B$10,3)))) | CY33: =IF(B33<>"",IFERROR(IF((SUMIF(D$14:CS$14,"CLO2",D33:CS33)/'Grade computation'!I$5)=0,0,(SUMIF(D$14:CS$14,"CLO2",D33:CS33)/'Grade computation'!I$5)),""),"") | CZ33: =IF(CY33="","",IF(CY33>=B$10,"Y","N")) | DA33: =IF(CY33="","",IF(CY33<50%,1,IF(AND(CY33>=50%,CY33<B$10),2,IF(CY33>=B$10,3)))) | DB33: =IF(B33<>"",IFERROR(IF((SUMIF(D$14:CS$14,"CLO3",D33:CS33)/'Grade computation'!I$6)=0,0,(SUMIF(D$14:CS$14,"CLO3",D33:CS33)/'Grade computation'!I$6)),""),"") | DC33: =IF(DB33="","",IF(DB33>=B$10,"Y","N")) | DD33: =IF(DB33="","",IF(DB33<50%,1,IF(AND(DB33>=50%,DB33<B$10),2,IF(DB33>=B$10,3)))) | DE33: =IF(B33<>"",IFERROR(SUMIF(D$14:CS$14,"CLO4",D33:CS33)/'Grade computation'!I$7,""),"") | DF33: =IF(DE33="","",IF(DE33>=B$10,"Y","N")) | DG33: =IF(DE33="","",IF(DE33<50%,1,IF(AND(DE33>=50%,DE33<B$10),2,IF(DE33>=B$10,3)))) | DH33: =IF(B33<>"",IFERROR(IF((SUMIF(D$14:CS$14,"CLO5",D33:CS33)/'Grade computation'!I$8)=0,0,(SUMIF(D$14:CS$14,"CLO5",D33:CS33)/'Grade computation'!I$8)),""),"") | DI33: =IF(DH33="","",IF(DH33>=B$10,"Y","N")) | DJ33: =IF(DH33="","",IF(DH33<50%,1,IF(AND(DH33>=50%,DH33<B$10),2,IF(DH33>=B$10,3)))) | DK33: =IF(B33<>"",IFERROR(IF((SUMIF(D$14:CS$14,"CLO6",D33:CS33)/'Grade computation'!I$9)=0,0,(SUMIF(D$14:CS$14,"CLO6",D33:CS33)/'Grade computation'!I$9)),""),"") | DL33: =IF(DK33="","",IF(DK33>=B$10,"Y","N")) | DM33: =IF(DK33="","",IF(DK33<50%,1,IF(AND(DK33>=50%,DK33<B$10),2,IF(DK33>=B$10,3)))) | DN33: =IF(B33<>"",IFERROR(IF((SUMIF(D$14:CS$14,"CLO7",D33:CS33)/'Grade computation'!I$10)=0,0,(SUMIF(D$14:CS$14,"CLO7",D33:CS33)/'Grade computation'!I$10)),""),"") | DO33: =IF(DN33="","",IF(DN33>=B$10,"Y","N")) | DP33: =IF(DN33="","",IF(DN33<50%,1,IF(AND(DN33>=50%,DN33<B$10),2,IF(DN33>=B$10,3)))) | DQ33: =IF(B33<>"",IFERROR(IF((SUMIF(D$14:CS$14,"CLO8",D33:CS33)/'Grade computation'!I$11)=0,0,(SUMIF(D$14:CS$14,"CLO8",D33:CS33)/'Grade computation'!I$11)),""),"") | DR33: =IF(DQ33="","",IF(DQ33>=B$10,"Y","N")) | DS33: =IF(DQ33="","",IF(DQ33<50%,1,IF(AND(DQ33>=50%,DQ33<B$10),2,IF(DQ33>=B$10,3)))) | DT33: =IF(B33<>"",IFERROR(IF((SUMIF(D$14:CS$14,"CLO9",D33:CS33)/'Grade computation'!I$12)=0,0,(SUMIF(D$14:CS$14,"CLO9",D33:CS33)/'Grade computation'!I$12)),""),"") | DU33: =IF(DT33="","",IF(DT33>=B$10,"Y","N")) | DV33: =IF(DT33="","",IF(DT33<50%,1,IF(AND(DT33>=50%,DT33<B$10),2,IF(DT33>=B$10,3)))) | DW33: =IF(B33<>"",IFERROR(IF((SUMIF(D$14:CS$14,"CLO10",D33:CS33)/'Grade computation'!I$13)=0,0,(SUMIF(D$14:CS$14,"CLO10",D33:CS33)/'Grade computation'!I$13)),""),"") | DX33: =IF(DW33="","",IF(DW33>=B$10,"Y","N")) | DY33: =IF(DW33="","",IF(DW33<50%,1,IF(AND(DW33>=50%,DW33<B$10),2,IF(DW33>=B$10,3))))
AH34: =IF(B34<>"",SUMIF(D$12:AG$12,"TLA",D34:AG34),"") | AI34: =IF(B34<>"",SUMIF(D$12:AG$12,"AT",D34:AG34),"") | BN34: =IF(B34<>"", SUMIF(AJ$12:BM$12,"TLA",AJ34:BM34), "") | BO34: =IF(B34<>"", SUMIF(AJ$12:BM$12,"AT",AJ34:BM34), "") | CT34: =IF(B34<>"",SUMIF(BP$12:CS$12,"TLA",BP34:CS34), "") | CU34: =IF(B34<>"",SUMIF(BP$12:CS$12,"AT",BP34:CS34), "") | CV34: =IF(B34<>"",IFERROR(SUMIF(D$14:CS$14, "CLO1", D34:CS34)/'Grade computation'!I$4,""),"") | CW34: =IF(CV34="","",IF(CV34>=B$10,"Y","N")) | CX34: =IF(CV34="","",IF(CV34<50%,1,IF(AND(CV34>=50%,CV34<B$10),2,IF(CV34>=B$10,3)))) | CY34: =IF(B34<>"",IFERROR(IF((SUMIF(D$14:CS$14,"CLO2",D34:CS34)/'Grade computation'!I$5)=0,0,(SUMIF(D$14:CS$14,"CLO2",D34:CS34)/'Grade computation'!I$5)),""),"") | CZ34: =IF(CY34="","",IF(CY34>=B$10,"Y","N")) | DA34: =IF(CY34="","",IF(CY34<50%,1,IF(AND(CY34>=50%,CY34<B$10),2,IF(CY34>=B$10,3)))) | DB34: =IF(B34<>"",IFERROR(IF((SUMIF(D$14:CS$14,"CLO3",D34:CS34)/'Grade computation'!I$6)=0,0,(SUMIF(D$14:CS$14,"CLO3",D34:CS34)/'Grade computation'!I$6)),""),"") | DC34: =IF(DB34="","",IF(DB34>=B$10,"Y","N")) | DD34: =IF(DB34="","",IF(DB34<50%,1,IF(AND(DB34>=50%,DB34<B$10),2,IF(DB34>=B$10,3)))) | DE34: =IF(B34<>"",IFERROR(SUMIF(D$14:CS$14,"CLO4",D34:CS34)/'Grade computation'!I$7,""),"") | DF34: =IF(DE34="","",IF(DE34>=B$10,"Y","N")) | DG34: =IF(DE34="","",IF(DE34<50%,1,IF(AND(DE34>=50%,DE34<B$10),2,IF(DE34>=B$10,3)))) | DH34: =IF(B34<>"",IFERROR(IF((SUMIF(D$14:CS$14,"CLO5",D34:CS34)/'Grade computation'!I$8)=0,0,(SUMIF(D$14:CS$14,"CLO5",D34:CS34)/'Grade computation'!I$8)),""),"") | DI34: =IF(DH34="","",IF(DH34>=B$10,"Y","N")) | DJ34: =IF(DH34="","",IF(DH34<50%,1,IF(AND(DH34>=50%,DH34<B$10),2,IF(DH34>=B$10,3)))) | DK34: =IF(B34<>"",IFERROR(IF((SUMIF(D$14:CS$14,"CLO6",D34:CS34)/'Grade computation'!I$9)=0,0,(SUMIF(D$14:CS$14,"CLO6",D34:CS34)/'Grade computation'!I$9)),""),"") | DL34: =IF(DK34="","",IF(DK34>=B$10,"Y","N")) | DM34: =IF(DK34="","",IF(DK34<50%,1,IF(AND(DK34>=50%,DK34<B$10),2,IF(DK34>=B$10,3)))) | DN34: =IF(B34<>"",IFERROR(IF((SUMIF(D$14:CS$14,"CLO7",D34:CS34)/'Grade computation'!I$10)=0,0,(SUMIF(D$14:CS$14,"CLO7",D34:CS34)/'Grade computation'!I$10)),""),"") | DO34: =IF(DN34="","",IF(DN34>=B$10,"Y","N")) | DP34: =IF(DN34="","",IF(DN34<50%,1,IF(AND(DN34>=50%,DN34<B$10),2,IF(DN34>=B$10,3)))) | DQ34: =IF(B34<>"",IFERROR(IF((SUMIF(D$14:CS$14,"CLO8",D34:CS34)/'Grade computation'!I$11)=0,0,(SUMIF(D$14:CS$14,"CLO8",D34:CS34)/'Grade computation'!I$11)),""),"") | DR34: =IF(DQ34="","",IF(DQ34>=B$10,"Y","N")) | DS34: =IF(DQ34="","",IF(DQ34<50%,1,IF(AND(DQ34>=50%,DQ34<B$10),2,IF(DQ34>=B$10,3)))) | DT34: =IF(B34<>"",IFERROR(IF((SUMIF(D$14:CS$14,"CLO9",D34:CS34)/'Grade computation'!I$12)=0,0,(SUMIF(D$14:CS$14,"CLO9",D34:CS34)/'Grade computation'!I$12)),""),"") | DU34: =IF(DT34="","",IF(DT34>=B$10,"Y","N")) | DV34: =IF(DT34="","",IF(DT34<50%,1,IF(AND(DT34>=50%,DT34<B$10),2,IF(DT34>=B$10,3)))) | DW34: =IF(B34<>"",IFERROR(IF((SUMIF(D$14:CS$14,"CLO10",D34:CS34)/'Grade computation'!I$13)=0,0,(SUMIF(D$14:CS$14,"CLO10",D34:CS34)/'Grade computation'!I$13)),""),"") | DX34: =IF(DW34="","",IF(DW34>=B$10,"Y","N")) | DY34: =IF(DW34="","",IF(DW34<50%,1,IF(AND(DW34>=50%,DW34<B$10),2,IF(DW34>=B$10,3))))
AH35: =IF(B35<>"",SUMIF(D$12:AG$12,"TLA",D35:AG35),"") | AI35: =IF(B35<>"",SUMIF(D$12:AG$12,"AT",D35:AG35),"") | BN35: =IF(B35<>"", SUMIF(AJ$12:BM$12,"TLA",AJ35:BM35), "") | BO35: =IF(B35<>"", SUMIF(AJ$12:BM$12,"AT",AJ35:BM35), "") | CT35: =IF(B35<>"",SUMIF(BP$12:CS$12,"TLA",BP35:CS35), "") | CU35: =IF(B35<>"",SUMIF(BP$12:CS$12,"AT",BP35:CS35), "") | CV35: =IF(B35<>"",IFERROR(SUMIF(D$14:CS$14, "CLO1", D35:CS35)/'Grade computation'!I$4,""),"") | CW35: =IF(CV35="","",IF(CV35>=B$10,"Y","N")) | CX35: =IF(CV35="","",IF(CV35<50%,1,IF(AND(CV35>=50%,CV35<B$10),2,IF(CV35>=B$10,3)))) | CY35: =IF(B35<>"",IFERROR(IF((SUMIF(D$14:CS$14,"CLO2",D35:CS35)/'Grade computation'!I$5)=0,0,(SUMIF(D$14:CS$14,"CLO2",D35:CS35)/'Grade computation'!I$5)),""),"") | CZ35: =IF(CY35="","",IF(CY35>=B$10,"Y","N")) | DA35: =IF(CY35="","",IF(CY35<50%,1,IF(AND(CY35>=50%,CY35<B$10),2,IF(CY35>=B$10,3)))) | DB35: =IF(B35<>"",IFERROR(IF((SUMIF(D$14:CS$14,"CLO3",D35:CS35)/'Grade computation'!I$6)=0,0,(SUMIF(D$14:CS$14,"CLO3",D35:CS35)/'Grade computation'!I$6)),""),"") | DC35: =IF(DB35="","",IF(DB35>=B$10,"Y","N")) | DD35: =IF(DB35="","",IF(DB35<50%,1,IF(AND(DB35>=50%,DB35<B$10),2,IF(DB35>=B$10,3)))) | DE35: =IF(B35<>"",IFERROR(SUMIF(D$14:CS$14,"CLO4",D35:CS35)/'Grade computation'!I$7,""),"") | DF35: =IF(DE35="","",IF(DE35>=B$10,"Y","N")) | DG35: =IF(DE35="","",IF(DE35<50%,1,IF(AND(DE35>=50%,DE35<B$10),2,IF(DE35>=B$10,3)))) | DH35: =IF(B35<>"",IFERROR(IF((SUMIF(D$14:CS$14,"CLO5",D35:CS35)/'Grade computation'!I$8)=0,0,(SUMIF(D$14:CS$14,"CLO5",D35:CS35)/'Grade computation'!I$8)),""),"") | DI35: =IF(DH35="","",IF(DH35>=B$10,"Y","N")) | DJ35: =IF(DH35="","",IF(DH35<50%,1,IF(AND(DH35>=50%,DH35<B$10),2,IF(DH35>=B$10,3)))) | DK35: =IF(B35<>"",IFERROR(IF((SUMIF(D$14:CS$14,"CLO6",D35:CS35)/'Grade computation'!I$9)=0,0,(SUMIF(D$14:CS$14,"CLO6",D35:CS35)/'Grade computation'!I$9)),""),"") | DL35: =IF(DK35="","",IF(DK35>=B$10,"Y","N")) | DM35: =IF(DK35="","",IF(DK35<50%,1,IF(AND(DK35>=50%,DK35<B$10),2,IF(DK35>=B$10,3)))) | DN35: =IF(B35<>"",IFERROR(IF((SUMIF(D$14:CS$14,"CLO7",D35:CS35)/'Grade computation'!I$10)=0,0,(SUMIF(D$14:CS$14,"CLO7",D35:CS35)/'Grade computation'!I$10)),""),"") | DO35: =IF(DN35="","",IF(DN35>=B$10,"Y","N")) | DP35: =IF(DN35="","",IF(DN35<50%,1,IF(AND(DN35>=50%,DN35<B$10),2,IF(DN35>=B$10,3)))) | DQ35: =IF(B35<>"",IFERROR(IF((SUMIF(D$14:CS$14,"CLO8",D35:CS35)/'Grade computation'!I$11)=0,0,(SUMIF(D$14:CS$14,"CLO8",D35:CS35)/'Grade computation'!I$11)),""),"") | DR35: =IF(DQ35="","",IF(DQ35>=B$10,"Y","N")) | DS35: =IF(DQ35="","",IF(DQ35<50%,1,IF(AND(DQ35>=50%,DQ35<B$10),2,IF(DQ35>=B$10,3)))) | DT35: =IF(B35<>"",IFERROR(IF((SUMIF(D$14:CS$14,"CLO9",D35:CS35)/'Grade computation'!I$12)=0,0,(SUMIF(D$14:CS$14,"CLO9",D35:CS35)/'Grade computation'!I$12)),""),"") | DU35: =IF(DT35="","",IF(DT35>=B$10,"Y","N")) | DV35: =IF(DT35="","",IF(DT35<50%,1,IF(AND(DT35>=50%,DT35<B$10),2,IF(DT35>=B$10,3)))) | DW35: =IF(B35<>"",IFERROR(IF((SUMIF(D$14:CS$14,"CLO10",D35:CS35)/'Grade computation'!I$13)=0,0,(SUMIF(D$14:CS$14,"CLO10",D35:CS35)/'Grade computation'!I$13)),""),"") | DX35: =IF(DW35="","",IF(DW35>=B$10,"Y","N")) | DY35: =IF(DW35="","",IF(DW35<50%,1,IF(AND(DW35>=50%,DW35<B$10),2,IF(DW35>=B$10,3))))
AH36: =IF(B36<>"",SUMIF(D$12:AG$12,"TLA",D36:AG36),"") | AI36: =IF(B36<>"",SUMIF(D$12:AG$12,"AT",D36:AG36),"") | BN36: =IF(B36<>"", SUMIF(AJ$12:BM$12,"TLA",AJ36:BM36), "") | BO36: =IF(B36<>"", SUMIF(AJ$12:BM$12,"AT",AJ36:BM36), "") | CT36: =IF(B36<>"",SUMIF(BP$12:CS$12,"TLA",BP36:CS36), "") | CU36: =IF(B36<>"",SUMIF(BP$12:CS$12,"AT",BP36:CS36), "") | CV36: =IF(B36<>"",IFERROR(SUMIF(D$14:CS$14, "CLO1", D36:CS36)/'Grade computation'!I$4,""),"") | CW36: =IF(CV36="","",IF(CV36>=B$10,"Y","N")) | CX36: =IF(CV36="","",IF(CV36<50%,1,IF(AND(CV36>=50%,CV36<B$10),2,IF(CV36>=B$10,3)))) | CY36: =IF(B36<>"",IFERROR(IF((SUMIF(D$14:CS$14,"CLO2",D36:CS36)/'Grade computation'!I$5)=0,0,(SUMIF(D$14:CS$14,"CLO2",D36:CS36)/'Grade computation'!I$5)),""),"") | CZ36: =IF(CY36="","",IF(CY36>=B$10,"Y","N")) | DA36: =IF(CY36="","",IF(CY36<50%,1,IF(AND(CY36>=50%,CY36<B$10),2,IF(CY36>=B$10,3)))) | DB36: =IF(B36<>"",IFERROR(IF((SUMIF(D$14:CS$14,"CLO3",D36:CS36)/'Grade computation'!I$6)=0,0,(SUMIF(D$14:CS$14,"CLO3",D36:CS36)/'Grade computation'!I$6)),""),"") | DC36: =IF(DB36="","",IF(DB36>=B$10,"Y","N")) | DD36: =IF(DB36="","",IF(DB36<50%,1,IF(AND(DB36>=50%,DB36<B$10),2,IF(DB36>=B$10,3)))) | DE36: =IF(B36<>"",IFERROR(SUMIF(D$14:CS$14,"CLO4",D36:CS36)/'Grade computation'!I$7,""),"") | DF36: =IF(DE36="","",IF(DE36>=B$10,"Y","N")) | DG36: =IF(DE36="","",IF(DE36<50%,1,IF(AND(DE36>=50%,DE36<B$10),2,IF(DE36>=B$10,3)))) | DH36: =IF(B36<>"",IFERROR(IF((SUMIF(D$14:CS$14,"CLO5",D36:CS36)/'Grade computation'!I$8)=0,0,(SUMIF(D$14:CS$14,"CLO5",D36:CS36)/'Grade computation'!I$8)),""),"") | DI36: =IF(DH36="","",IF(DH36>=B$10,"Y","N")) | DJ36: =IF(DH36="","",IF(DH36<50%,1,IF(AND(DH36>=50%,DH36<B$10),2,IF(DH36>=B$10,3)))) | DK36: =IF(B36<>"",IFERROR(IF((SUMIF(D$14:CS$14,"CLO6",D36:CS36)/'Grade computation'!I$9)=0,0,(SUMIF(D$14:CS$14,"CLO6",D36:CS36)/'Grade computation'!I$9)),""),"") | DL36: =IF(DK36="","",IF(DK36>=B$10,"Y","N")) | DM36: =IF(DK36="","",IF(DK36<50%,1,IF(AND(DK36>=50%,DK36<B$10),2,IF(DK36>=B$10,3)))) | DN36: =IF(B36<>"",IFERROR(IF((SUMIF(D$14:CS$14,"CLO7",D36:CS36)/'Grade computation'!I$10)=0,0,(SUMIF(D$14:CS$14,"CLO7",D36:CS36)/'Grade computation'!I$10)),""),"") | DO36: =IF(DN36="","",IF(DN36>=B$10,"Y","N")) | DP36: =IF(DN36="","",IF(DN36<50%,1,IF(AND(DN36>=50%,DN36<B$10),2,IF(DN36>=B$10,3)))) | DQ36: =IF(B36<>"",IFERROR(IF((SUMIF(D$14:CS$14,"CLO8",D36:CS36)/'Grade computation'!I$11)=0,0,(SUMIF(D$14:CS$14,"CLO8",D36:CS36)/'Grade computation'!I$11)),""),"") | DR36: =IF(DQ36="","",IF(DQ36>=B$10,"Y","N")) | DS36: =IF(DQ36="","",IF(DQ36<50%,1,IF(AND(DQ36>=50%,DQ36<B$10),2,IF(DQ36>=B$10,3)))) | DT36: =IF(B36<>"",IFERROR(IF((SUMIF(D$14:CS$14,"CLO9",D36:CS36)/'Grade computation'!I$12)=0,0,(SUMIF(D$14:CS$14,"CLO9",D36:CS36)/'Grade computation'!I$12)),""),"") | DU36: =IF(DT36="","",IF(DT36>=B$10,"Y","N")) | DV36: =IF(DT36="","",IF(DT36<50%,1,IF(AND(DT36>=50%,DT36<B$10),2,IF(DT36>=B$10,3)))) | DW36: =IF(B36<>"",IFERROR(IF((SUMIF(D$14:CS$14,"CLO10",D36:CS36)/'Grade computation'!I$13)=0,0,(SUMIF(D$14:CS$14,"CLO10",D36:CS36)/'Grade computation'!I$13)),""),"") | DX36: =IF(DW36="","",IF(DW36>=B$10,"Y","N")) | DY36: =IF(DW36="","",IF(DW36<50%,1,IF(AND(DW36>=50%,DW36<B$10),2,IF(DW36>=B$10,3))))
... AH316: =IF(B316<>"",SUMIF(D$12:AG$12,"TLA",D316:AG316),"") | AI316: =IF(B316<>"",SUMIF(D$12:AG$12,"AT",D316:AG316),"") | BN316: =IF(B316<>"", SUMIF(AJ$12:BM$12,"TLA",AJ316:BM316), "") | BO316: =IF(B316<>"", SUMIF(AJ$12:BM$12,"AT",AJ316:BM316), "") | CT316: =IF(B316<>"",SUMIF(BP$12:CS$12,"TLA",BP316:CS316), "") | CU316: =IF(B316<>"",SUMIF(BP$12:CS$12,"AT",BP316:CS316), "") | CV316: =IF(B316<>"",IFERROR(SUMIF(D$14:CS$14, "CLO1", D316:CS316)/'Grade computation'!I$4,""),"") | CW316: =IF(CV316="","",IF(CV316>=B$10,"Y","N")) | CX316: =IF(CV316="","",IF(CV316<50%,1,IF(AND(CV316>=50%,CV316<B$10),2,IF(CV316>=B$10,3)))) | CY316: =IF(B316<>"",IFERROR(IF((SUMIF(D$14:CS$14,"CLO2",D316:CS316)/'Grade computation'!I$5)=0,0,(SUMIF(D$14:CS$14,"CLO2",D316:CS316)/'Grade computation'!I$5)),""),"") | CZ316: =IF(CY316="","",IF(CY316>=B$10,"Y","N")) | DA316: =IF(CY316="","",IF(CY316<50%,1,IF(AND(CY316>=50%,CY316<B$10),2,IF(CY316>=B$10,3)))) | DB316: =IF(B316<>"",IFERROR(IF((SUMIF(D$14:CS$14,"CLO3",D316:CS316)/'Grade computation'!I$6)=0,0,(SUMIF(D$14:CS$14,"CLO3",D316:CS316)/'Grade computation'!I$6)),""),"") | DC316: =IF(DB316="","",IF(DB316>=B$10,"Y","N")) | DD316: =IF(DB316="","",IF(DB316<50%,1,IF(AND(DB316>=50%,DB316<B$10),2,IF(DB316>=B$10,3)))) | DE316: =IF(B316<>"",IFERROR(SUMIF(D$14:CS$14,"CLO4",D316:CS316)/'Grade computation'!I$7,""),"") | DF316: =IF(DE316="","",IF(DE316>=B$10,"Y","N")) | DG316: =IF(DE316="","",IF(DE316<50%,1,IF(AND(DE316>=50%,DE316<B$10),2,IF(DE316>=B$10,3)))) | DH316: =IF(B316<>"",IFERROR(IF((SUMIF(D$14:CS$14,"CLO5",D316:CS316)/'Grade computation'!I$8)=0,0,(SUMIF(D$14:CS$14,"CLO5",D316:CS316)/'Grade computation'!I$8)),""),"") | DI316: =IF(DH316="","",IF(DH316>=B$10,"Y","N")) | DJ316: =IF(DH316="","",IF(DH316<50%,1,IF(AND(DH316>=50%,DH316<B$10),2,IF(DH316>=B$10,3)))) | DK316: =IF(B316<>"",IFERROR(IF((SUMIF(D$14:CS$14,"CLO6",D316:CS316)/'Grade computation'!I$9)=0,0,(SUMIF(D$14:CS$14,"CLO6",D316:CS316)/'Grade computation'!I$9)),""),"") | DL316: =IF(DK316="","",IF(DK316>=B$10,"Y","N")) | DM316: =IF(DK316="","",IF(DK316<50%,1,IF(AND(DK316>=50%,DK316<B$10),2,IF(DK316>=B$10,3)))) | DN316: =IF(B316<>"",IFERROR(IF((SUMIF(D$14:CS$14,"CLO7",D316:CS316)/'Grade computation'!I$10)=0,0,(SUMIF(D$14:CS$14,"CLO7",D316:CS316)/'Grade computation'!I$10)),""),"") | DO316: =IF(DN316="","",IF(DN316>=B$10,"Y","N")) | DP316: =IF(DN316="","",IF(DN316<50%,1,IF(AND(DN316>=50%,DN316<B$10),2,IF(DN316>=B$10,3)))) | DQ316: =IF(B316<>"",IFERROR(IF((SUMIF(D$14:CS$14,"CLO8",D316:CS316)/'Grade computation'!I$11)=0,0,(SUMIF(D$14:CS$14,"CLO8",D316:CS316)/'Grade computation'!I$11)),""),"") | DR316: =IF(DQ316="","",IF(DQ316>=B$10,"Y","N")) | DS316: =IF(DQ316="","",IF(DQ316<50%,1,IF(AND(DQ316>=50%,DQ316<B$10),2,IF(DQ316>=B$10,3)))) | DT316: =IF(B316<>"",IFERROR(IF((SUMIF(D$14:CS$14,"CLO9",D316:CS316)/'Grade computation'!I$12)=0,0,(SUMIF(D$14:CS$14,"CLO9",D316:CS316)/'Grade computation'!I$12)),""),"") | DU316: =IF(DT316="","",IF(DT316>=B$10,"Y","N")) | DV316: =IF(DT316="","",IF(DT316<50%,1,IF(AND(DT316>=50%,DT316<B$10),2,IF(DT316>=B$10,3)))) | DW316: =IF(B316<>"",IFERROR(IF((SUMIF(D$14:CS$14,"CLO10",D316:CS316)/'Grade computation'!I$13)=0,0,(SUMIF(D$14:CS$14,"CLO10",D316:CS316)/'Grade computation'!I$13)),""),"") | DX316: =IF(DW316="","",IF(DW316>=B$10,"Y","N")) | DY316: =IF(DW316="","",IF(DW316<50%,1,IF(AND(DW316>=50%,DW316<B$10),2,IF(DW316>=B$10,3))))
A317: No. of Students who Passed | D317: =COUNTIF(D17:D316,">="&D319-1) -> 7 | E317: =COUNTIF(E17:E316,">="&E319-1) -> 8 | F317: =COUNTIF(F17:F316,">="&F319-1) -> 7 | G317: =COUNTIF(G17:G316,">="&G319-1) -> 3 | H317: =COUNTIF(H17:H316,">="&H319-1) -> 8 | I317: =COUNTIF(I17:I316,">="&I319-1) -> 7 | J317: =COUNTIF(J17:J316,">="&J319-1) -> 8 | K317: =COUNTIF(K17:K316,">="&K319-1) -> 0 | ... AG317: =COUNTIF(AG17:AG316,">="&AG319-1) -> 0 | AJ317: =COUNTIF(AJ17:AJ316,">="&AJ319-1) -> 7 | AK317: =COUNTIF(AK17:AK316,">="&AK319-1) -> 6 | AL317: =COUNTIF(AL17:AL316,">="&AL319-1) -> 6 | AM317: =COUNTIF(AM17:AM316,">="&AM319-1) -> 8 | AN317: =COUNTIF(AN17:AN316,">="&AN319-1) -> 8 | AO317: =COUNTIF(AO17:AO316,">="&AO319-1) -> 6 | AP317: =COUNTIF(AP17:AP316,">="&AP319-1) -> 7 | AQ317: =COUNTIF(AQ17:AQ316,">="&AQ319-1) -> 7 | ... BM317: =COUNTIF(BM17:BM316,">="&BM319-1) -> 0 | BP317: =COUNTIF(BP17:BP316,">="&BP319-1) -> 8 | BQ317: =COUNTIF(BQ17:BQ316,">="&BQ319-1) -> 8 | BR317: =COUNTIF(BR17:BR316,">="&BR319-1) -> 7 | BS317: =COUNTIF(BS17:BS316,">="&BS319-1) -> 8 | BT317: =COUNTIF(BT17:BT316,">="&BT319-1) -> 8 | BU317: =COUNTIF(BU17:BU316,">="&BU319-1) -> 7 | BV317: =COUNTIF(BV17:BV316,">="&BV319-1) -> 7 | BW317: =COUNTIF(BW17:BW316,">="&BW319-1) -> 7 | ... CS317: =COUNTIF(CS17:CS316,">="&CS319-1) -> 0 | CU317: No. of students achieved CLO | CW317: =IFERROR(COUNTIFS(B17:B316,"<>", CW17:CW316,"Y"),"") -> 7 | CZ317: =IFERROR(COUNTIFS(B17:B316,"<>",CZ17:CZ316,"Y"),"") -> 8 | DC317: =IFERROR(COUNTIFS(B17:B316,"<>",DC17:DC316,"Y"),"") -> 8 | DF317: =IFERROR(COUNTIFS(B17:B316,"<>",DF17:DF316,"Y"),"") -> 7 | DI317: =IFERROR(COUNTIFS(B17:B316,"<>",DI17:DI316,"Y"),"") -> 8 | DL317: =IFERROR(COUNTIFS(B17:B316,"<>",DL17:DL316,"Y"),"") -> 0 | DO317: =IFERROR(COUNTIFS(B17:B316,"<>",DO17:DO316,"Y"),"") -> 0 | DR317: =IFERROR(COUNTIFS(B17:B316,"<>",DR17:DR316,"Y"),"") -> 0 | DU317: =IFERROR(COUNTIFS(B17:B316,"<>",DU17:DU316,"Y"),"") -> 0 | DX317: =IFERROR(COUNTIFS(B17:B316,"<>",DX17:DX316,"Y"),"") -> 0
A318: No. of Students who Failed | D318: =COUNTIF(D17:D316,"<"&D319-1) -> 0 | E318: =COUNTIF(E17:E316,"<"&E319-1) -> 0 | F318: =COUNTIF(F17:F316,"<"&F319-1) -> 0 | G318: =COUNTIF(G17:G316,"<"&G319-1) -> 0 | H318: =COUNTIF(H17:H316,"<"&H319-1) -> 0 | I318: =COUNTIF(I17:I316,"<"&I319-1) -> 0 | J318: =COUNTIF(J17:J316,"<"&J319-1) -> 0 | K318: =COUNTIF(K17:K316,"<"&K319-1) -> 0 | ... AG318: =COUNTIF(AG17:AG316,"<"&AG319-1) -> 0 | AJ318: =COUNTIF(AJ17:AJ316,"<"&AJ319-1) -> 0 | AK318: =COUNTIF(AK17:AK316,"<"&AK319-1) -> 0 | AL318: =COUNTIF(AL17:AL316,"<"&AL319-1) -> 0 | AM318: =COUNTIF(AM17:AM316,"<"&AM319-1) -> 0 | AN318: =COUNTIF(AN17:AN316,"<"&AN319-1) -> 0 | AO318: =COUNTIF(AO17:AO316,"<"&AO319-1) -> 0 | AP318: =COUNTIF(AP17:AP316,"<"&AP319-1) -> 0 | AQ318: =COUNTIF(AQ17:AQ316,"<"&AQ319-1) -> 0 | ... BM318: =COUNTIF(BM17:BM316,"<"&BM319-1) -> 0 | BP318: =COUNTIF(BP17:BP316,"<"&BP319-1) -> 0 | BQ318: =COUNTIF(BQ17:BQ316,"<"&BQ319-1) -> 0 | BR318: =COUNTIF(BR17:BR316,"<"&BR319-1) -> 0 | BS318: =COUNTIF(BS17:BS316,"<"&BS319-1) -> 0 | BT318: =COUNTIF(BT17:BT316,"<"&BT319-1) -> 0 | BU318: =COUNTIF(BU17:BU316,"<"&BU319-1) -> 0 | BV318: =COUNTIF(BV17:BV316,"<"&BV319-1) -> 1 | BW318: =COUNTIF(BW17:BW316,"<"&BW319-1) -> 0 | ... CS318: =COUNTIF(CS17:CS316,"<"&CS319-1) -> 0
A319: Threshold Marks for each question | D319: =IF(D16="",0,IF(B$10=60%,((D16*0.6)+0.4),IF(B$10=65%,((D16*0.65)+0.35),IF(B$10=70%,((D16*0.7)+0.3),IF(B$10=75%,((D16*0.75)+0.25),IF(B$10=80%,((D16*0.8)+0.2))))))) -> 12.4 | E319: =IF(E16="",0,IF(B$10=60%,((E16*0.6)+0.4),IF(B$10=65%,((E16*0.65)+0.35),IF(B$10=70%,((E16*0.7)+0.3),IF(B$10=75%,((E16*0.75)+0.25),IF(B$10=80%,((E16*0.8)+0.2))))))) -> 12.4 | F319: =IF(F16="",0,IF(B$10=60%,((F16*0.6)+0.4),IF(B$10=65%,((F16*0.65)+0.35),IF(B$10=70%,((F16*0.7)+0.3),IF(B$10=75%,((F16*0.75)+0.25),IF(B$10=80%,((F16*0.8)+0.2))))))) -> 6.4 | G319: =IF(G16="",0,IF(B$10=60%,((G16*0.6)+0.4),IF(B$10=65%,((G16*0.65)+0.35),IF(B$10=70%,((G16*0.7)+0.3),IF(B$10=75%,((G16*0.75)+0.25),IF(B$10=80%,((G16*0.8)+0.2))))))) -> 12.4 | H319: =IF(H16="",0,IF(B$10=60%,((H16*0.6)+0.4),IF(B$10=65%,((H16*0.65)+0.35),IF(B$10=70%,((H16*0.7)+0.3),IF(B$10=75%,((H16*0.75)+0.25),IF(B$10=80%,((H16*0.8)+0.2))))))) -> 3.4 | I319: =IF(I16="",0,IF(B$10=60%,((I16*0.6)+0.4),IF(B$10=65%,((I16*0.65)+0.35),IF(B$10=70%,((I16*0.7)+0.3),IF(B$10=75%,((I16*0.75)+0.25),IF(B$10=80%,((I16*0.8)+0.2))))))) -> 60.4 | J319: =IF(J16="",0,IF(B$10=60%,((J16*0.6)+0.4),IF(B$10=65%,((J16*0.65)+0.35),IF(B$10=70%,((J16*0.7)+0.3),IF(B$10=75%,((J16*0.75)+0.25),IF(B$10=80%,((J16*0.8)+0.2))))))) -> 60.4 | K319: =IF(K16="",0,IF(B$10=60%,((K16*0.6)+0.4),IF(B$10=65%,((K16*0.65)+0.35),IF(B$10=70%,((K16*0.7)+0.3),IF(B$10=75%,((K16*0.75)+0.25),IF(B$10=80%,((K16*0.8)+0.2))))))) -> 0 | L319: =IF(L16="",0,IF(B$10=60%,((L16*0.6)+0.4),IF(B$10=65%,((L16*0.65)+0.35),IF(B$10=70%,((L16*0.7)+0.3),IF(B$10=75%,((L16*0.75)+0.25),IF(B$10=80%,((L16*0.8)+0.2))))))) -> 0 | M319: =IF(M16="",0,IF(B$10=60%,((M16*0.6)+0.4),IF(B$10=65%,((M16*0.65)+0.35),IF(B$10=70%,((M16*0.7)+0.3),IF(B$10=75%,((M16*0.75)+0.25),IF(B$10=80%,((M16*0.8)+0.2))))))) -> 0 | N319: =IF(N16="",0,IF(B$10=60%,((N16*0.6)+0.4),IF(B$10=65%,((N16*0.65)+0.35),IF(B$10=70%,((N16*0.7)+0.3),IF(B$10=75%,((N16*0.75)+0.25),IF(B$10=80%,((N16*0.8)+0.2))))))) -> 0 | O319: =IF(O16="",0,IF(B$10=60%,((O16*0.6)+0.4),IF(B$10=65%,((O16*0.65)+0.35),IF(B$10=70%,((O16*0.7)+0.3),IF(B$10=75%,((O16*0.75)+0.25),IF(B$10=80%,((O16*0.8)+0.2))))))) -> 0 | P319: =IF(P16="",0,IF(B$10=60%,((P16*0.6)+0.4),IF(B$10=65%,((P16*0.65)+0.35),IF(B$10=70%,((P16*0.7)+0.3),IF(B$10=75%,((P16*0.75)+0.25),IF(B$10=80%,((P16*0.8)+0.2))))))) -> 0 | Q319: =IF(Q16="",0,IF(B$10=60%,((Q16*0.6)+0.4),IF(B$10=65%,((Q16*0.65)+0.35),IF(B$10=70%,((Q16*0.7)+0.3),IF(B$10=75%,((Q16*0.75)+0.25),IF(B$10=80%,((Q16*0.8)+0.2))))))) -> 0 | R319: =IF(R16="",0,IF(B$10=60%,((R16*0.6)+0.4),IF(B$10=65%,((R16*0.65)+0.35),IF(B$10=70%,((R16*0.7)+0.3),IF(B$10=75%,((R16*0.75)+0.25),IF(B$10=80%,((R16*0.8)+0.2))))))) -> 0 | S319: =IF(S16="",0,IF(B$10=60%,((S16*0.6)+0.4),IF(B$10=65%,((S16*0.65)+0.35),IF(B$10=70%,((S16*0.7)+0.3),IF(B$10=75%,((S16*0.75)+0.25),IF(B$10=80%,((S16*0.8)+0.2))))))) -> 0 | T319: =IF(T16="",0,IF(B$10=60%,((T16*0.6)+0.4),IF(B$10=65%,((T16*0.65)+0.35),IF(B$10=70%,((T16*0.7)+0.3),IF(B$10=75%,((T16*0.75)+0.25),IF(B$10=80%,((T16*0.8)+0.2))))))) -> 0 | U319: =IF(U16="",0,IF(B$10=60%,((U16*0.6)+0.4),IF(B$10=65%,((U16*0.65)+0.35),IF(B$10=70%,((U16*0.7)+0.3),IF(B$10=75%,((U16*0.75)+0.25),IF(B$10=80%,((U16*0.8)+0.2))))))) -> 0 | V319: =IF(V16="",0,IF(B$10=60%,((V16*0.6)+0.4),IF(B$10=65%,((V16*0.65)+0.35),IF(B$10=70%,((V16*0.7)+0.3),IF(B$10=75%,((V16*0.75)+0.25),IF(B$10=80%,((V16*0.8)+0.2))))))) -> 0 | W319: =IF(W16="",0,IF(B$10=60%,((W16*0.6)+0.4),IF(B$10=65%,((W16*0.65)+0.35),IF(B$10=70%,((W16*0.7)+0.3),IF(B$10=75%,((W16*0.75)+0.25),IF(B$10=80%,((W16*0.8)+0.2))))))) -> 0 | X319: =IF(X16="",0,IF(B$10=60%,((X16*0.6)+0.4),IF(B$10=65%,((X16*0.65)+0.35),IF(B$10=70%,((X16*0.7)+0.3),IF(B$10=75%,((X16*0.75)+0.25),IF(B$10=80%,((X16*0.8)+0.2))))))) -> 0 | Y319: =IF(Y16="",0,IF(B$10=60%,((Y16*0.6)+0.4),IF(B$10=65%,((Y16*0.65)+0.35),IF(B$10=70%,((Y16*0.7)+0.3),IF(B$10=75%,((Y16*0.75)+0.25),IF(B$10=80%,((Y16*0.8)+0.2))))))) -> 0 | Z319: =IF(Z16="",0,IF(B$10=60%,((Z16*0.6)+0.4),IF(B$10=65%,((Z16*0.65)+0.35),IF(B$10=70%,((Z16*0.7)+0.3),IF(B$10=75%,((Z16*0.75)+0.25),IF(B$10=80%,((Z16*0.8)+0.2))))))) -> 0 | AA319: =IF(AA16="",0,IF(B$10=60%,((AA16*0.6)+0.4),IF(B$10=65%,((AA16*0.65)+0.35),IF(B$10=70%,((AA16*0.7)+0.3),IF(B$10=75%,((AA16*0.75)+0.25),IF(B$10=80%,((AA16*0.8)+0.2))))))) -> 0 | AB319: =IF(AB16="",0,IF(B$10=60%,((AB16*0.6)+0.4),IF(B$10=65%,((AB16*0.65)+0.35),IF(B$10=70%,((AB16*0.7)+0.3),IF(B$10=75%,((AB16*0.75)+0.25),IF(B$10=80%,((AB16*0.8)+0.2))))))) -> 0 | AC319: =IF(AC16="",0,IF(B$10=60%,((AC16*0.6)+0.4),IF(B$10=65%,((AC16*0.65)+0.35),IF(B$10=70%,((AC16*0.7)+0.3),IF(B$10=75%,((AC16*0.75)+0.25),IF(B$10=80%,((AC16*0.8)+0.2))))))) -> 0 | AD319: =IF(AD16="",0,IF(B$10=60%,((AD16*0.6)+0.4),IF(B$10=65%,((AD16*0.65)+0.35),IF(B$10=70%,((AD16*0.7)+0.3),IF(B$10=75%,((AD16*0.75)+0.25),IF(B$10=80%,((AD16*0.8)+0.2))))))) -> 0 | AE319: =IF(AE16="",0,IF(B$10=60%,((AE16*0.6)+0.4),IF(B$10=65%,((AE16*0.65)+0.35),IF(B$10=70%,((AE16*0.7)+0.3),IF(B$10=75%,((AE16*0.75)+0.25),IF(B$10=80%,((AE16*0.8)+0.2))))))) -> 0 | AF319: =IF(AF16="",0,IF(B$10=60%,((AF16*0.6)+0.4),IF(B$10=65%,((AF16*0.65)+0.35),IF(B$10=70%,((AF16*0.7)+0.3),IF(B$10=75%,((AF16*0.75)+0.25),IF(B$10=80%,((AF16*0.8)+0.2))))))) -> 0 | AG319: =IF(AG16="",0,IF(B$10=60%,((AG16*0.6)+0.4),IF(B$10=65%,((AG16*0.65)+0.35),IF(B$10=70%,((AG16*0.7)+0.3),IF(B$10=75%,((AG16*0.75)+0.25),IF(B$10=80%,((AG16*0.8)+0.2))))))) -> 0 | AJ319: =IF(AJ16="",0,IF(B$10=60%,((AJ16*0.6)+0.4),IF(B$10=65%,((AJ16*0.65)+0.35),IF(B$10=70%,((AJ16*0.7)+0.3),IF(B$10=75%,((AJ16*0.75)+0.25),IF(B$10=80%,((AJ16*0.8)+0.2))))))) -> 6.4 | AK319: =IF(AK16="",0,IF(B$10=60%,((AK16*0.6)+0.4),IF(B$10=65%,((AK16*0.65)+0.35),IF(B$10=70%,((AK16*0.7)+0.3),IF(B$10=75%,((AK16*0.75)+0.25),IF(B$10=80%,((AK16*0.8)+0.2))))))) -> 6.4 | AL319: =IF(AL16="",0,IF(B$10=60%,((AL16*0.6)+0.4),IF(B$10=65%,((AL16*0.65)+0.35),IF(B$10=70%,((AL16*0.7)+0.3),IF(B$10=75%,((AL16*0.75)+0.25),IF(B$10=80%,((AL16*0.8)+0.2))))))) -> 6.4 | AM319: =IF(AM16="",0,IF(B$10=60%,((AM16*0.6)+0.4),IF(B$10=65%,((AM16*0.65)+0.35),IF(B$10=70%,((AM16*0.7)+0.3),IF(B$10=75%,((AM16*0.75)+0.25),IF(B$10=80%,((AM16*0.8)+0.2))))))) -> 6.4 | AN319: =IF(AN16="",0,IF(B$10=60%,((AN16*0.6)+0.4),IF(B$10=65%,((AN16*0.65)+0.35),IF(B$10=70%,((AN16*0.7)+0.3),IF(B$10=75%,((AN16*0.75)+0.25),IF(B$10=80%,((AN16*0.8)+0.2))))))) -> 6.4 | AO319: =IF(AO16="",0,IF(B$10=60%,((AO16*0.6)+0.4),IF(B$10=65%,((AO16*0.65)+0.35),IF(B$10=70%,((AO16*0.7)+0.3),IF(B$10=75%,((AO16*0.75)+0.25),IF(B$10=80%,((AO16*0.8)+0.2))))))) -> 6.4 | AP319: =IF(AP16="",0,IF(B$10=60%,((AP16*0.6)+0.4),IF(B$10=65%,((AP16*0.65)+0.35),IF(B$10=70%,((AP16*0.7)+0.3),IF(B$10=75%,((AP16*0.75)+0.25),IF(B$10=80%,((AP16*0.8)+0.2))))))) -> 6.4 | AQ319: =IF(AQ16="",0,IF(B$10=60%,((AQ16*0.6)+0.4),IF(B$10=65%,((AQ16*0.65)+0.35),IF(B$10=70%,((AQ16*0.7)+0.3),IF(B$10=75%,((AQ16*0.75)+0.25),IF(B$10=80%,((AQ16*0.8)+0.2))))))) -> 6.4 | AR319: =IF(AR16="",0,IF(B$10=60%,((AR16*0.6)+0.4),IF(B$10=65%,((AR16*0.65)+0.35),IF(B$10=70%,((AR16*0.7)+0.3),IF(B$10=75%,((AR16*0.75)+0.25),IF(B$10=80%,((AR16*0.8)+0.2))))))) -> 3.4 | AS319: =IF(AR16="",0,IF(B$10=60%,((AS16*0.6)+0.4),IF(B$10=65%,((AS16*0.65)+0.35),IF(B$10=70%,((AS16*0.7)+0.3),IF(B$10=75%,((AS16*0.75)+0.25),IF(B$10=80%,((AS16*0.8)+0.2))))))) -> 30.4 | AT319: =IF(AS16="",0,IF(B$10=60%,((AT16*0.6)+0.4),IF(B$10=65%,((AT16*0.65)+0.35),IF(B$10=70%,((AT16*0.7)+0.3),IF(B$10=75%,((AT16*0.75)+0.25),IF(B$10=80%,((AT16*0.8)+0.2))))))) -> 15.4 | AU319: =IF(AT16="",0,IF(B$10=60%,((AU16*0.6)+0.4),IF(B$10=65%,((AU16*0.65)+0.35),IF(B$10=70%,((AU16*0.7)+0.3),IF(B$10=75%,((AU16*0.75)+0.25),IF(B$10=80%,((AU16*0.8)+0.2))))))) -> 15.4 | AV319: =IF(AU16="",0,IF(B$10=60%,((AV16*0.6)+0.4),IF(B$10=65%,((AV16*0.65)+0.35),IF(B$10=70%,((AV16*0.7)+0.3),IF(B$10=75%,((AV16*0.75)+0.25),IF(B$10=80%,((AV16*0.8)+0.2))))))) -> 30.4 | AW319: =IF(AV16="",0,IF(B$10=60%,((AV16*0.6)+0.4),IF(B$10=65%,((AV16*0.65)+0.35),IF(B$10=70%,((AV16*0.7)+0.3),IF(B$10=75%,((AV16*0.75)+0.25),IF(B$10=80%,((AV16*0.8)+0.2))))))) -> 30.4 | AX319: =IF(AX16="",0,IF(B$10=60%,((AX16*0.6)+0.4),IF(B$10=65%,((AX16*0.65)+0.35),IF(B$10=70%,((AX16*0.7)+0.3),IF(B$10=75%,((AX16*0.75)+0.25),IF(B$10=80%,((AX16*0.8)+0.2))))))) -> 0 | AY319: =IF(AY16="",0,IF(B$10=60%,((AY16*0.6)+0.4),IF(B$10=65%,((AY16*0.65)+0.35),IF(B$10=70%,((AY16*0.7)+0.3),IF(B$10=75%,((AY16*0.75)+0.25),IF(B$10=80%,((AY16*0.8)+0.2))))))) -> 0 | AZ319: =IF(AZ16="",0,IF(B$10=60%,((AZ16*0.6)+0.4),IF(B$10=65%,((AZ16*0.65)+0.35),IF(B$10=70%,((AZ16*0.7)+0.3),IF(B$10=75%,((AZ16*0.75)+0.25),IF(B$10=80%,((AZ16*0.8)+0.2))))))) -> 0 | BA319: =IF(BA16="",0,IF(B$10=60%,((BA16*0.6)+0.4),IF(B$10=65%,((BA16*0.65)+0.35),IF(B$10=70%,((BA16*0.7)+0.3),IF(B$10=75%,((BA16*0.75)+0.25),IF(B$10=80%,((BA16*0.8)+0.2))))))) -> 0 | BB319: =IF(BB16="",0,IF(B$10=60%,((BB16*0.6)+0.4),IF(B$10=65%,((BB16*0.65)+0.35),IF(B$10=70%,((BB16*0.7)+0.3),IF(B$10=75%,((BB16*0.75)+0.25),IF(B$10=80%,((BB16*0.8)+0.2))))))) -> 0 | BC319: =IF(BC16="",0,IF(B$10=60%,((BC16*0.6)+0.4),IF(B$10=65%,((BC16*0.65)+0.35),IF(B$10=70%,((BC16*0.7)+0.3),IF(B$10=75%,((BC16*0.75)+0.25),IF(B$10=80%,((BC16*0.8)+0.2))))))) -> 0 | BD319: =IF(BD16="",0,IF(B$10=60%,((BD16*0.6)+0.4),IF(B$10=65%,((BD16*0.65)+0.35),IF(B$10=70%,((BD16*0.7)+0.3),IF(B$10=75%,((BD16*0.75)+0.25),IF(B$10=80%,((BD16*0.8)+0.2))))))) -> 0 | BE319: =IF(BE16="",0,IF(B$10=60%,((BE16*0.6)+0.4),IF(B$10=65%,((BE16*0.65)+0.35),IF(B$10=70%,((BE16*0.7)+0.3),IF(B$10=75%,((BE16*0.75)+0.25),IF(B$10=80%,((BE16*0.8)+0.2))))))) -> 0 | BF319: =IF(BF16="",0,IF(B$10=60%,((BF16*0.6)+0.4),IF(B$10=65%,((BF16*0.65)+0.35),IF(B$10=70%,((BF16*0.7)+0.3),IF(B$10=75%,((BF16*0.75)+0.25),IF(B$10=80%,((BF16*0.8)+0.2))))))) -> 0 | BG319: =IF(BG16="",0,IF(B$10=60%,((BG16*0.6)+0.4),IF(B$10=65%,((BG16*0.65)+0.35),IF(B$10=70%,((BG16*0.7)+0.3),IF(B$10=75%,((BG16*0.75)+0.25),IF(B$10=80%,((BG16*0.8)+0.2))))))) -> 0 | BH319: =IF(BH16="",0,IF(B$10=60%,((BH16*0.6)+0.4),IF(B$10=65%,((BH16*0.65)+0.35),IF(B$10=70%,((BH16*0.7)+0.3),IF(B$10=75%,((BH16*0.75)+0.25),IF(B$10=80%,((BH16*0.8)+0.2))))))) -> 0 | BI319: =IF(BI16="",0,IF(B$10=60%,((BI16*0.6)+0.4),IF(B$10=65%,((BI16*0.65)+0.35),IF(B$10=70%,((BI16*0.7)+0.3),IF(B$10=75%,((BI16*0.75)+0.25),IF(B$10=80%,((BI16*0.8)+0.2))))))) -> 0 | BJ319: =IF(BJ16="",0,IF(B$10=60%,((BJ16*0.6)+0.4),IF(B$10=65%,((BJ16*0.65)+0.35),IF(B$10=70%,((BJ16*0.7)+0.3),IF(B$10=75%,((BJ16*0.75)+0.25),IF(B$10=80%,((BJ16*0.8)+0.2))))))) -> 0 | BK319: =IF(BK16="",0,IF(B$10=60%,((BK16*0.6)+0.4),IF(B$10=65%,((BK16*0.65)+0.35),IF(B$10=70%,((BK16*0.7)+0.3),IF(B$10=75%,((BK16*0.75)+0.25),IF(B$10=80%,((BK16*0.8)+0.2))))))) -> 0 | BL319: =IF(BL16="",0,IF(B$10=60%,((BL16*0.6)+0.4),IF(B$10=65%,((BL16*0.65)+0.35),IF(B$10=70%,((BL16*0.7)+0.3),IF(B$10=75%,((BL16*0.75)+0.25),IF(B$10=80%,((BL16*0.8)+0.2))))))) -> 0 | BM319: =IF(BM16="",0,IF(B$10=60%,((BM16*0.6)+0.4),IF(B$10=65%,((BM16*0.65)+0.35),IF(B$10=70%,((BM16*0.7)+0.3),IF(B$10=75%,((BM16*0.75)+0.25),IF(B$10=80%,((BM16*0.8)+0.2))))))) -> 0 | BP319: =IF(BP16="",0,IF(B$10=60%,((BP16*0.6)+0.4),IF(B$10=65%,((BP16*0.65)+0.35),IF(B$10=70%,((BP16*0.7)+0.3),IF(B$10=75%,((BP16*0.75)+0.25),IF(B$10=80%,((BP16*0.8)+0.2))))))) -> 6.4 | BQ319: =IF(BQ16="",0,IF(B$10=60%,((BQ16*0.6)+0.4),IF(B$10=65%,((BQ16*0.65)+0.35),IF(AI$10=70%,((BQ16*0.7)+0.3),IF(AI$10=75%,((BQ16*0.75)+0.25),IF(AI$10=80%,((BQ16*0.8)+0.2))))))) -> 6.4 | BR319: =IF(BR16="",0,IF(B$10=60%,((BR16*0.6)+0.4),IF(B$10=65%,((BR16*0.65)+0.35),IF(B$10=70%,((BR16*0.7)+0.3),IF(B$10=75%,((BR16*0.75)+0.25),IF(B$10=80%,((BR16*0.8)+0.2))))))) -> 6.4 | BS319: =IF(BS16="",0,IF(B$10=60%,((BS16*0.6)+0.4),IF(B$10=65%,((BS16*0.65)+0.35),IF(B$10=70%,((BS16*0.7)+0.3),IF(B$10=75%,((BS16*0.75)+0.25),IF(B$10=80%,((BS16*0.8)+0.2))))))) -> 6.4 | BT319: =IF(BT16="",0,IF(B$10=60%,((BT16*0.6)+0.4),IF(B$10=65%,((BT16*0.65)+0.35),IF(B$10=70%,((BT16*0.7)+0.3),IF(B$10=75%,((BT16*0.75)+0.25),IF(B$10=80%,((BT16*0.8)+0.2))))))) -> 6.4 | BU319: =IF(BU16="",0,IF(B$10=60%,((BU16*0.6)+0.4),IF(B$10=65%,((BU16*0.65)+0.35),IF(B$10=70%,((BU16*0.7)+0.3),IF(B$10=75%,((BU16*0.75)+0.25),IF(B$10=80%,((BU16*0.8)+0.2))))))) -> 18.4 | BV319: =IF(BV16="",0,IF(B$10=60%,((BV16*0.6)+0.4),IF(B$10=65%,((BV16*0.65)+0.35),IF(B$10=70%,((BV16*0.7)+0.3),IF(B$10=75%,((BV16*0.75)+0.25),IF(B$10=80%,((BV16*0.8)+0.2))))))) -> 15.4 | BW319: =IF(BW16="",0,IF(B$10=60%,((BW16*0.6)+0.4),IF(B$10=65%,((BW16*0.65)+0.35),IF(B$10=70%,((BW16*0.7)+0.3),IF(B$10=75%,((BW16*0.75)+0.25),IF(B$10=80%,((BW16*0.8)+0.2))))))) -> 15.4 | BX319: =IF(BX16="",0,IF(B$10=60%,((BX16*0.6)+0.4),IF(B$10=65%,((BX16*0.65)+0.35),IF(B$10=70%,((BX16*0.7)+0.3),IF(B$10=75%,((BX16*0.75)+0.25),IF(B$10=80%,((BX16*0.8)+0.2))))))) -> 15.4 | BY319: =IF(BY16="",0,IF(B$10=60%,((BY16*0.6)+0.4),IF(B$10=65%,((BY16*0.65)+0.35),IF(B$10=70%,((BY16*0.7)+0.3),IF(B$10=75%,((BY16*0.75)+0.25),IF(B$10=80%,((BY16*0.8)+0.2))))))) -> 30.4 | BZ319: =IF(BZ16="",0,IF(B$10=60%,((BZ16*0.6)+0.4),IF(B$10=65%,((BZ16*0.65)+0.35),IF(B$10=70%,((BZ16*0.7)+0.3),IF(B$10=75%,((BZ16*0.75)+0.25),IF(B$10=80%,((BZ16*0.8)+0.2))))))) -> 15.4 | CA319: =IF(CA16="",0,IF(B$10=60%,((CA16*0.6)+0.4),IF(B$10=65%,((CA16*0.65)+0.35),IF(B$10=70%,((CA16*0.7)+0.3),IF(B$10=75%,((CA16*0.75)+0.25),IF(B$10=80%,((CA16*0.8)+0.2))))))) -> 0 | CB319: =IF(CB16="",0,IF(B$10=60%,((CB16*0.6)+0.4),IF(B$10=65%,((CB16*0.65)+0.35),IF(B$10=70%,((CB16*0.7)+0.3),IF(B$10=75%,((CB16*0.75)+0.25),IF(B$10=80%,((CB16*0.8)+0.2))))))) -> 0 | CC319: =IF(CC16="",0,IF(B$10=60%,((CC16*0.6)+0.4),IF(B$10=65%,((CC16*0.65)+0.35),IF(B$10=70%,((CC16*0.7)+0.3),IF(B$10=75%,((CC16*0.75)+0.25),IF(B$10=80%,((CC16*0.8)+0.2))))))) -> 0 | CD319: =IF(CD16="",0,IF(B$10=60%,((CD16*0.6)+0.4),IF(B$10=65%,((CD16*0.65)+0.35),IF(B$10=70%,((CD16*0.7)+0.3),IF(B$10=75%,((CD16*0.75)+0.25),IF(B$10=80%,((CD16*0.8)+0.2))))))) -> 0 | CE319: =IF(CE16="",0,IF(B$10=60%,((CE16*0.6)+0.4),IF(B$10=65%,((CE16*0.65)+0.35),IF(B$10=70%,((CE16*0.7)+0.3),IF(B$10=75%,((CE16*0.75)+0.25),IF(B$10=80%,((CE16*0.8)+0.2))))))) -> 0 | CF319: =IF(CF16="",0,IF(B$10=60%,((CF16*0.6)+0.4),IF(B$10=65%,((CF16*0.65)+0.35),IF(B$10=70%,((CF16*0.7)+0.3),IF(B$10=75%,((CF16*0.75)+0.25),IF(B$10=80%,((CF16*0.8)+0.2))))))) -> 0 | CG319: =IF(CG16="",0,IF(B$10=60%,((CG16*0.6)+0.4),IF(B$10=65%,((CG16*0.65)+0.35),IF(B$10=70%,((CG16*0.7)+0.3),IF(B$10=75%,((CG16*0.75)+0.25),IF(B$10=80%,((CG16*0.8)+0.2))))))) -> 0 | CH319: =IF(CH16="",0,IF(B$10=60%,((CH16*0.6)+0.4),IF(B$10=65%,((CH16*0.65)+0.35),IF(B$10=70%,((CH16*0.7)+0.3),IF(B$10=75%,((CH16*0.75)+0.25),IF(B$10=80%,((CH16*0.8)+0.2))))))) -> 0 | CI319: =IF(CI16="",0,IF(B$10=60%,((CI16*0.6)+0.4),IF(B$10=65%,((CI16*0.65)+0.35),IF(B$10=70%,((CI16*0.7)+0.3),IF(B$10=75%,((CI16*0.75)+0.25),IF(B$10=80%,((CI16*0.8)+0.2))))))) -> 0 | CJ319: =IF(CJ16="",0,IF(B$10=60%,((CJ16*0.6)+0.4),IF(B$10=65%,((CJ16*0.65)+0.35),IF(B$10=70%,((CJ16*0.7)+0.3),IF(B$10=75%,((CJ16*0.75)+0.25),IF(B$10=80%,((CJ16*0.8)+0.2))))))) -> 0 | CK319: =IF(CK16="",0,IF(B$10=60%,((CK16*0.6)+0.4),IF(B$10=65%,((CK16*0.65)+0.35),IF(B$10=70%,((CK16*0.7)+0.3),IF(B$10=75%,((CK16*0.75)+0.25),IF(B$10=80%,((CK16*0.8)+0.2))))))) -> 0 | CL319: =IF(CL16="",0,IF(B$10=60%,((CL16*0.6)+0.4),IF(B$10=65%,((CL16*0.65)+0.35),IF(B$10=70%,((CL16*0.7)+0.3),IF(B$10=75%,((CL16*0.75)+0.25),IF(B$10=80%,((CL16*0.8)+0.2))))))) -> 0 | CM319: =IF(CM16="",0,IF(B$10=60%,((CM16*0.6)+0.4),IF(B$10=65%,((CM16*0.65)+0.35),IF(B$10=70%,((CM16*0.7)+0.3),IF(B$10=75%,((CM16*0.75)+0.25),IF(B$10=80%,((CM16*0.8)+0.2))))))) -> 0 | CN319: =IF(CN16="",0,IF(B$10=60%,((CN16*0.6)+0.4),IF(B$10=65%,((CN16*0.65)+0.35),IF(B$10=70%,((CN16*0.7)+0.3),IF(B$10=75%,((CN16*0.75)+0.25),IF(B$10=80%,((CN16*0.8)+0.2))))))) -> 0 | CO319: =IF(CO16="",0,IF(B$10=60%,((CO16*0.6)+0.4),IF(B$10=65%,((CO16*0.65)+0.35),IF(B$10=70%,((CO16*0.7)+0.3),IF(B$10=75%,((CO16*0.75)+0.25),IF(B$10=80%,((CO16*0.8)+0.2))))))) -> 0 | CP319: =IF(CP16="",0,IF(B$10=60%,((CP16*0.6)+0.4),IF(B$10=65%,((CP16*0.65)+0.35),IF(B$10=70%,((CP16*0.7)+0.3),IF(B$10=75%,((CP16*0.75)+0.25),IF(B$10=80%,((CP16*0.8)+0.2))))))) -> 0 | CQ319: =IF(CQ16="",0,IF(B$10=60%,((CQ16*0.6)+0.4),IF(B$10=65%,((CQ16*0.65)+0.35),IF(B$10=70%,((CQ16*0.7)+0.3),IF(B$10=75%,((CQ16*0.75)+0.25),IF(B$10=80%,((CQ16*0.8)+0.2))))))) -> 0 | CR319: =IF(CR16="",0,IF(B$10=60%,((CR16*0.6)+0.4),IF(B$10=65%,((CR16*0.65)+0.35),IF(B$10=70%,((CR16*0.7)+0.3),IF(B$10=75%,((CR16*0.75)+0.25),IF(B$10=80%,((CR16*0.8)+0.2))))))) -> 0 | CS319: =IF(CS16="",0,IF(B$10=60%,((CS16*0.6)+0.4),IF(B$10=65%,((CS16*0.65)+0.35),IF(B$10=70%,((CS16*0.7)+0.3),IF(B$10=75%,((CS16*0.75)+0.25),IF(B$10=80%,((CS16*0.8)+0.2))))))) -> 0 | CU319: % students achieved CLO | CW319: =IFERROR(CW317/B$8,0) -> 0.875 | CX319: =IFERROR(AVERAGEIF(B17:B316,"<>",CX17:CX316),"") -> 2.75 | CZ319: =IFERROR(CZ317/B$8,0) -> 1 | DA319: =IFERROR(AVERAGEIF(B17:B316,"<>",DA17:DA316),"") -> 3 | DC319: =IFERROR(DC317/B$8,0) -> 1 | DD319: =IFERROR(AVERAGEIF(B17:B316,"<>",DD17:DD316),"") -> 3 | DF319: =IFERROR(DF317/B$8,0) -> 0.875 | DG319: =IFERROR(AVERAGEIF(B17:B316,"<>",DG17:DG316),"") -> 2.75 | DI319: =IFERROR(DI317/B$8,0) -> 1 | DJ319: =IFERROR(AVERAGEIF(B17:B316,"<>",DJ17:DJ316),"") -> 3 | DL319: =IFERROR(DL317/B$8,0) -> 0 | DM319: =IFERROR(AVERAGEIF(B17:B316,"<>",DM17:DM316),"") | DO319: =IFERROR(DO317/B$8,0) -> 0 | DP319: =IFERROR(AVERAGEIF(B17:B316,"<>",DP17:DP316),"") | DR319: =IFERROR(DR317/B$8,0) -> 0 | DS319: =IFERROR(AVERAGEIF(B17:B316,"<>",DS17:DS316),"") | DU319: =IFERROR(DU317/B$8,0) -> 0 | DV319: =IFERROR(AVERAGEIF(B17:B316,"<>",DV17:DV316),"") | DX319: =IFERROR(DX317/B$8,0) -> 0 | DY319: =IFERROR(AVERAGEIF(B17:B316,"<>",DY17:DY316),"")
A320: No. of Students who got >threshold | D320: =COUNTIF(D17:D316,">"&D319) -> 7 | E320: =COUNTIF(E17:E316,">"&E319) -> 8 | F320: =COUNTIF(F17:F316,">"&F319) -> 7 | G320: =COUNTIF(G17:G316,">"&G319) -> 3 | H320: =COUNTIF(H17:H316,">"&H319) -> 7 | I320: =COUNTIF(I17:I316,">"&I319) -> 7 | J320: =COUNTIF(J17:J316,">"&J319) -> 8 | K320: =COUNTIF(K17:K316,">"&K319) -> 0 | ... AG320: =COUNTIF(AG17:AG316,">"&AG319) -> 0 | AJ320: =COUNTIF(AJ17:AJ316,">"&AJ319) -> 5 | AK320: =COUNTIF(AK17:AK316,">"&AK319) -> 6 | AL320: =COUNTIF(AL17:AL316,">"&AL319) -> 6 | AM320: =COUNTIF(AM17:AM316,">"&AM319) -> 8 | AN320: =COUNTIF(AN17:AN316,">"&AN319) -> 8 | AO320: =COUNTIF(AO17:AO316,">"&AO319) -> 6 | AP320: =COUNTIF(AP17:AP316,">"&AP319) -> 7 | AQ320: =COUNTIF(AQ17:AQ316,">"&AQ319) -> 7 | ... BM320: =COUNTIF(BM17:BM316,">"&BM319) -> 0 | BP320: =COUNTIF(BP17:BP316,">"&BP319) -> 8 | BQ320: =COUNTIF(BQ17:BQ316,">"&BQ319) -> 8 | BR320: =COUNTIF(BR17:BR316,">"&BR319) -> 7 | BS320: =COUNTIF(BS17:BS316,">"&BS319) -> 8 | BT320: =COUNTIF(BT17:BT316,">"&BT319) -> 7 | BU320: =COUNTIF(BU17:BU316,">"&BU319) -> 7 | BV320: =COUNTIF(BV17:BV316,">"&BV319) -> 7 | BW320: =COUNTIF(BW17:BW316,">"&BW319) -> 7 | ... CS320: =COUNTIF(CS17:CS316,">"&CS319) -> 0 | CU320: CLO Results | CW320: =IFERROR(IF(CW319>=B$10,"Y","N"),"") -> Y | CZ320: =IFERROR(IF(CZ319>=B$10,"Y","N"),"") -> Y | DC320: =IFERROR(IF(DC319>=B$10,"Y","N"),"") -> Y | DF320: =IFERROR(IF(DF319>=B$10,"Y","N"),"") -> Y | DI320: =IFERROR(IF(DI319>=B$10,"Y","N"),"") -> Y | DL320: =IFERROR(IF(DL319>=B$10,"Y","N"),"") -> N | DO320: =IFERROR(IF(DO319>=B$10,"Y","N"),"") -> N | DR320: =IFERROR(IF(DR319>=B$10,"Y","N"),"") -> N | DU320: =IFERROR(IF(DU319>=B$10,"Y","N"),"") -> N | DX320: =IFERROR(IF(DX319>=B$10,"Y","N"),"") -> N
A321: Percentage of Students who Passed | D321: =IFERROR(D317/COUNT(D17:D316),"") -> 1 | E321: =IFERROR(E317/COUNT(E17:E316),"") -> 1 | F321: =IFERROR(F317/COUNT(F17:F316),"") -> 1 | G321: =IFERROR(G317/COUNT(G17:G316),"") -> 1 | H321: =IFERROR(H317/COUNT(H17:H316),"") -> 1 | I321: =IFERROR(I317/COUNT(I17:I316),"") -> 1 | J321: =IFERROR(J317/COUNT(J17:J316),"") -> 1 | K321: =IFERROR(K317/COUNT(K17:K316),"") | ... AG321: =IFERROR(AG317/COUNT(AG17:AG316),"") | AJ321: =IFERROR(AJ317/COUNT(AJ17:AJ316),"") -> 1 | AK321: =IFERROR(AK317/COUNT(AK17:AK316),"") -> 1 | AL321: =IFERROR(AL317/COUNT(AL17:AL316),"") -> 1 | AM321: =IFERROR(AM317/COUNT(AM17:AM316),"") -> 1 | AN321: =IFERROR(AN317/COUNT(AN17:AN316),"") -> 1 | AO321: =IFERROR(AO317/COUNT(AO17:AO316),"") -> 1 | AP321: =IFERROR(AP317/COUNT(AP17:AP316),"") -> 1 | AQ321: =IFERROR(AQ317/COUNT(AQ17:AQ316),"") -> 1 | ... BM321: =IFERROR(BM317/COUNT(BM17:BM316),"") | BP321: =IFERROR(BP317/COUNT(BP17:BP316),"") -> 1 | BQ321: =IFERROR(BQ317/COUNT(BQ17:BQ316),"") -> 1 | BR321: =IFERROR(BR317/COUNT(BR17:BR316),"") -> 1 | BS321: =IFERROR(BS317/COUNT(BS17:BS316),"") -> 1 | BT321: =IFERROR(BT317/COUNT(BT17:BT316),"") -> 1 | BU321: =IFERROR(BU317/COUNT(BU17:BU316),"") -> 1 | BV321: =IFERROR(BV317/COUNT(BV17:BV316),"") -> 0.875 | BW321: =IFERROR(BW317/COUNT(BW17:BW316),"") -> 1 | ... CS321: =IFERROR(CS317/COUNT(CS17:CS316),"")

Sheet Exam (LECTURE ONLY)
A1: CLO-PLO ATTAINMENT SYSTEM
AQ2: CLO Met Criteria
A3: Semester & Year: | B3: =COVERPAGE!S3 -> SECOND SEMESTER SY 2024-2025
A4: Course Code: | B4: =COVERPAGE!S4 -> 0 | AK4: CLO-Question Matrix (EXAM) | AQ4: If CLO Marks (%)>=threshold | AT4: Y
A5: Course Title: | B5: =COVERPAGE!S5 -> 0 | AL5: Prelim | AM5: Midterm | AN5: Final | AO5: Total | AQ5: If CLO Marks (%)<threshold | AT5: N
A6: Course Type: | B6: =IF('Database (LECTURE-RES-PRAC)'!B6="LECTURE",'Database (LECTURE-RES-PRAC)'!B6,"") -> LECTURE | AK6: CLO1 | AL6: =SUMIF(D$20:M$20, "CLO1", D$21:M$21) -> 60 | AM6: =SUMIF(O$20:X$20, "CLO1", O$21:X$21) -> 70 | AN6: =SUMIF(Z$20:AI$20, "CLO1", Z$21:AI$21) -> 25 | AO6: =IF(SUM(AL6:AN6)=0,"",SUM(AL6:AN6)) -> 155
A7: Section: | B7: =COVERPAGE!S7 -> 0 | AK7: CLO2 | AL7: =SUMIF(D$20:M$20, "CLO2", D$21:M$21) -> 0 | AM7: =SUMIF(O$20:X$20, "CLO2", O$21:X$21) -> 30 | AN7: =SUMIF(Z$20:AI$20, "CLO2", Z$21:AI$21) -> 35 | AO7: =IF(SUM(AL7:AN7)=0,"",SUM(AL7:AN7)) -> 65 | AQ7: Met Level Criteria
A8: No. of Students: | B8: =COVERPAGE!S8 -> 8 | AK8: CLO3 | AL8: =SUMIF(D$20:M$20, "CLO3", D$21:M$21) -> 0 | AM8: =SUMIF(O$20:X$20, "CLO3", O$21:X$21) -> 0 | AN8: =SUMIF(Z$20:AI$20, "CLO3", Z$21:AI$21) -> 40 | AO8: =IF(SUM(AL8:AN8)=0,"",SUM(AL8:AN8)) -> 40 | AQ8: 1 | AR8: Low | AS8: students attained <50% threshold | BP8: CLO1
A9: Instructor's Initial | B9: =COVERPAGE!S10 -> 0 | AK9: CLO4 | AL9: =SUMIF(D$20:M$20, "CLO4", D$21:M$21) -> 0 | AM9: =SUMIF(O$20:X$20, "CLO4", O$21:X$21) -> 0 | AN9: =SUMIF(Z$20:AI$20, "CLO4", Z$21:AI$21) -> 0 | AO9: =IF(SUM(AL9:AN9)=0,"",SUM(AL9:AN9)) | AQ9: 2 | AR9: Moderate | AS9: students attained >=50%<threshold | BP9: CLO2
A10: Threshold: | B10: ='Database (LECTURE-RES-PRAC)'!B10 -> 0.6 | AK10: CLO5 | AL10: =SUMIF(D$20:M$20, "CLO5", D$21:M$21) -> 0 | AM10: =SUMIF(O$20:X$20, "CLO5", O$21:X$21) -> 0 | AN10: =SUMIF(Z$20:AI$20, "CLO5", Z$21:AI$21) -> 0 | AO10: =IF(SUM(AL10:AN10)=0,"",SUM(AL10:AN10)) | AQ10: 3 | AR10: High | AS10: students attained >= threshold | BP10: CLO3
AK11: CLO6 | AL11: =SUMIF(D$20:M$20, "CLO6", D$21:M$21) -> 0 | AM11: =SUMIF(O$20:X$20, "CLO6", O$21:X$21) -> 0 | AN11: =SUMIF(Z$20:AI$20, "CLO6", Z$21:AI$21) -> 0 | AO11: =IF(SUM(AL11:AN11)=0,"",SUM(AL11:AN11)) | BP11: CLO4
AK12: CLO7 | AL12: =SUMIF(D$20:M$20, "CLO7", D$21:M$21) -> 0 | AM12: =SUMIF(O$20:X$20, "CLO7", O$21:X$21) -> 0 | AN12: =SUMIF(Z$20:AI$20, "CLO7", Z$21:AI$21) -> 0 | AO12: =IF(SUM(AL12:AN12)=0,"",SUM(AL12:AN12)) | BP12: CLO5
AK13: CLO8 | AL13: =SUMIF(D$20:M$20, "CLO8", D$21:M$21) -> 0 | AM13: =SUMIF(O$20:X$20, "CLO8", O$21:X$21) -> 0 | AN13: =SUMIF(Z$20:AI$20, "CLO8", Z$21:AI$21) -> 0 | AO13: =IF(SUM(AL13:AN13)=0,"",SUM(AL13:AN13)) | BP13: CLO6
AK14: CLO9 | AL14: =SUMIF(D$20:M$20, "CLO9", D$21:M$21) -> 0 | AM14: =SUMIF(O$20:X$20, "CLO9", O$21:X$21) -> 0 | AN14: =SUMIF(Z$20:AI$20, "CLO9", Z$21:AI$21) -> 0 | AO14: =IF(SUM(AL14:AN14)=0,"",SUM(AL14:AN14)) | BP14: CLO7
AK15: CLO10 | AL15: =SUMIF(D$20:M$20, "CLO10", D$21:M$21) -> 0 | AM15: =SUMIF(O$20:X$20, "CLO10", O$21:X$21) -> 0 | AN15: =SUMIF(Z$20:AI$20, "CLO10", Z$21:AI$21) -> 0 | AO15: =IF(SUM(AL15:AN15)=0,"",SUM(AL15:AN15)) | BP15: CLO8
BP16: CLO9
A17: *Student ID and Student Names are autofill from Database Sheet | D17: PRELIM | O17: MIDTERM | Z17: FINAL | BP17: CLO10
A18: STUDENT ID | B18: STUDENT NAME | N18: TOTAL MARKS | Y18: TOTAL MARKS | AJ18: TOTAL | AK18: CLO Attainments | AZ18: CLO6 Marks (%) | BA18: CLO6 Met (Y/N) | BB18: CLO LEVEL | BC18: CLO7 Marks (%) | BD18: CLO7 Met (Y/N) | BE18: CLO LEVEL | BF18: CLO8 Marks (%) | BG18: CLO8 Met (Y/N) | BH18: CLO LEVEL | BI18: CLO9 Marks (%) | BJ18: CLO9 Met (Y/N) | BK18: CLO LEVEL | BL18: CLO10 Marks (%) | BM18: CLO10 Met (Y/N) | BN18: CLO LEVEL
C19: Item nos. | D19: 1-60 | N19: MARKS | O19: 1-70 | P19: 71-100 | Y19: MARKS | Z19: 1-25 | AA19: 26-60 | AB19: 61-100 | AJ19: MARKS | AK19: CLO1 Marks (%) | AL19: CLO1 Met (Y/N) | AM19: CLO LEVEL | AN19: CLO2 Marks (%) | AO19: CLO2 Met (Y/N) | AP19: CLO LEVEL | AQ19: CLO3 Marks (%) | AR19: CLO3 Met (Y/N) | AS19: CLO LEVEL | AT19: CLO4 Marks (%) | AU19: CLO4 Met (Y/N) | AV19: CLO LEVEL | AW19: CLO5 Marks (%) | AX19: CLO5 Met (Y/N) | AY19: CLO LEVEL
C20: CLO | D20: CLO1 | O20: CLO1 | P20: CLO2 | Z20: CLO1 | AA20: CLO2 | AB20: CLO3
C21: MAX MARK ➡️ | D21: 60 | N21: =IF(SUM(D21:M21)=0,0,SUM(D21:M21)) -> 60 | O21: 70 | P21: 30 | Y21: =IF(SUM(O21:X21)=0,"",SUM(O21:X21)) -> 100 | Z21: 25 | AA21: 35 | AB21: 40 | AJ21: =IF(SUM(Z21:AI21)=0,"",SUM(Z21:AI21)) -> 100
A22: =IF(B$6="LECTURE",IF('Database (LECTURE-RES-PRAC)'!A17="","",'Database (LECTURE-RES-PRAC)'!A17),"") | B22: =IF(B$6="LECTURE",IF('Database (LECTURE-RES-PRAC)'!B17="","",'Database (LECTURE-RES-PRAC)'!B17),"") -> trinidad, isabel | C22: =IF(B22<>"",'Database (LECTURE-RES-PRAC)'!C17,"") -> bsmt | N22: =IF(B22<>"",SUM(D22:M22),"") -> 0 | O22: 60 | P22: 17 | Y22: =IF(B22<>"",SUM(O22:X22),"") -> 77 | Z22: 19 | AB22: 35 | AJ22: =IF(B22<>"",SUM(Z22:AI22),"") -> 54 | AK22: =IF(B22<>"",IFERROR(IF((SUMIF(D$20:AI$20, "CLO1", D22:AI22)/AO$6)=0,"",(SUMIF(D$20:AI$20, "CLO1", D22:AI22)/AO$6)),""),"") -> 0.50967742 | AL22: =IF(AK22="","",IF(AK22>=B$10,"Y","N")) -> N | AM22: =IF(AK22="","",IF(AK22<50%,1,IF(AND(AK22>=50%,AK22<B$10),2,IF(AK22>=B$10,3)))) -> 2 | AN22: =IF(B22<>"",IFERROR(IF((SUMIF(D$20:AI$20, "CLO2", D22:AI22)/AO$7)=0,"",(SUMIF(D$20:AI$20, "CLO2", D22:AI22)/AO$7)),""),"") -> 0.26153846 | AO22: =IF(AN22="","",IF(AN22>=B$10,"Y","N")) -> N | AP22: =IF(AN22="","",IF(AN22<50%,1,IF(AND(AN22>=50%,AN22<B$10),2,IF(AN22>=B$10,3)))) -> 1 | AQ22: =IF(B22<>"",IFERROR(IF((SUMIF(D$20:AI$20, "CLO3", D22:AI22)/AO$8)=0,"",(SUMIF(D$20:AI$20, "CLO3", D22:AI22)/AO$8)),""),"") -> 0.875 | AR22: =IF(AQ22="","",IF(AQ22>=B$10,"Y","N")) -> Y | AS22: =IF(AQ22="","",IF(AQ22<50%,1,IF(AND(AQ22>=50%,AQ22<B$10),2,IF(AQ22>=B$10,3)))) -> 3 | AT22: =IF(B22<>"",IFERROR(IF((SUMIF(D$20:AI$20, "CLO4", D22:AI22)/AO$9)=0,"",(SUMIF(D$20:AI$20, "CLO4", D22:AI22)/AO$9)),""),"") | AU22: =IF(AT22="","",IF(AT22>=B$10,"Y","N")) | AV22: =IF(AT22="","",IF(AT22<50%,1,IF(AND(AT22>=50%,AT22<B$10),2,IF(AT22>=B$10,3)))) | AW22: =IF(B22<>"",IFERROR(IF((SUMIF(D$20:AI$20, "CLO5", D22:AI22)/AO$10)=0,"",(SUMIF(D$20:AI$20, "CLO5", D22:AI22)/AO$10)),""),"") | AX22: =IF(AW22="","",IF(AW22>=B$10,"Y","N")) | AY22: =IF(AW22="","",IF(AW22<50%,1,IF(AND(AW22>=50%,AW22<B$10),2,IF(AW22>=B$10,3)))) | AZ22: =IF(B22<>"",IFERROR(IF((SUMIF(D$20:AI$20, "CLO6", D22:AI22)/AO$11)=0,"",(SUMIF(D$20:AI$20, "CLO6", D22:AI22)/AO$11)),""),"") | BA22: =IF(AZ22="","",IF(AZ22>=B$10,"Y","N")) | BB22: =IF(BA22="","",IF(BA22<50%,1,IF(AND(BA22>=50%,BA22<B$10),2,IF(BA22>=B$10,3)))) | BC22: =IF(B22<>"",IFERROR(IF((SUMIF(D$20:AI$20, "CLO7", D22:AI22)/AO$12)=0,"",(SUMIF(D$20:AI$20, "CLO7", D22:AI22)/AO$12)),""),"") | BD22: =IF(BC22="","",IF(BC22>=B$10,"Y","N")) | BE22: =IF(BD22="","",IF(BD22<50%,1,IF(AND(BD22>=50%,BD22<B$10),2,IF(BD22>=B$10,3)))) | BF22: =IF(B22<>"",IFERROR(IF((SUMIF(D$20:AI$20, "CLO8", D22:AI22)/AO$13)=0,"",(SUMIF(D$20:AI$20, "CLO8", D22:AI22)/AO$13)),""),"") | BG22: =IF(BF22="","",IF(BF22>=B$10,"Y","N")) | BH22: =IF(BG22="","",IF(BG22<50%,1,IF(AND(BG22>=50%,BG22<B$10),2,IF(BG22>=B$10,3)))) | BI22: =IF(B22<>"",IFERROR(IF((SUMIF(D$20:AI$20, "CLO9", D22:AI22)/AO$14)=0,"",(SUMIF(D$20:AI$20, "CLO9", D22:AI22)/AO$14)),""),"") | BJ22: =IF(BI22="","",IF(BI22>=B$10,"Y","N")) | BK22: =IF(BJ22="","",IF(BJ22<50%,1,IF(AND(BJ22>=50%,BJ22<B$10),2,IF(BJ22>=B$10,3)))) | BL22: =IF(B22<>"",IFERROR(IF((SUMIF(D$20:AI$20,"CLO10",D22:AI22)/AO$15)=0,"",(SUMIF(D$20:AI$20,"CLO10",D22:AI22)/AO$15)),""),"") | BM22: =IF(BL22="","",IF(BL22>=B$10,"Y","N")) | BN22: =IF(BM22="","",IF(BM22<50%,1,IF(AND(BM22>=50%,BM22<B$10),2,IF(BM22>=B$10,3))))
A23: =IF(B$6="LECTURE",IF('Database (LECTURE-RES-PRAC)'!A18="","",'Database (LECTURE-RES-PRAC)'!A18),"") | B23: =IF(B$6="LECTURE",IF('Database (LECTURE-RES-PRAC)'!B18="","",'Database (LECTURE-RES-PRAC)'!B18),"") -> guevarra, marco | C23: =IF(B23<>"",'Database (LECTURE-RES-PRAC)'!C18,"") -> 0 | N23: =IF(B23<>"",SUM(D23:M23),"") -> 0 | P23: 27 | Y23: =IF(B23<>"",SUM(O23:X23),"") -> 27 | Z23: 22 | AA23: 28 | AB23: 34 | AJ23: =IF(B23<>"",SUM(Z23:AI23),"") -> 84 | AK23: =IF(B23<>"",IFERROR(IF((SUMIF(D$20:AI$20, "CLO1", D23:AI23)/AO$6)=0,"",(SUMIF(D$20:AI$20, "CLO1", D23:AI23)/AO$6)),""),"") -> 0.14193548 | AL23: =IF(AK23="","",IF(AK23>=B$10,"Y","N")) -> N | AM23: =IF(AK23="","",IF(AK23<50%,1,IF(AND(AK23>=50%,AK23<B$10),2,IF(AK23>=B$10,3)))) -> 1 | AN23: =IF(B23<>"",IFERROR(IF((SUMIF(D$20:AI$20, "CLO2", D23:AI23)/AO$7)=0,"",(SUMIF(D$20:AI$20, "CLO2", D23:AI23)/AO$7)),""),"") -> 0.84615385 | AO23: =IF(AN23="","",IF(AN23>=B$10,"Y","N")) -> Y | AP23: =IF(AN23="","",IF(AN23<50%,1,IF(AND(AN23>=50%,AN23<B$10),2,IF(AN23>=B$10,3)))) -> 3 | AQ23: =IF(B23<>"",IFERROR(IF((SUMIF(D$20:AI$20, "CLO3", D23:AI23)/AO$8)=0,"",(SUMIF(D$20:AI$20, "CLO3", D23:AI23)/AO$8)),""),"") -> 0.85 | AR23: =IF(AQ23="","",IF(AQ23>=B$10,"Y","N")) -> Y | AS23: =IF(AQ23="","",IF(AQ23<50%,1,IF(AND(AQ23>=50%,AQ23<B$10),2,IF(AQ23>=B$10,3)))) -> 3 | AT23: =IF(B23<>"",IFERROR(IF((SUMIF(D$20:AI$20, "CLO4", D23:AI23)/AO$9)=0,"",(SUMIF(D$20:AI$20, "CLO4", D23:AI23)/AO$9)),""),"") | AU23: =IF(AT23="","",IF(AT23>=B$10,"Y","N")) | AV23: =IF(AT23="","",IF(AT23<50%,1,IF(AND(AT23>=50%,AT23<B$10),2,IF(AT23>=B$10,3)))) | AW23: =IF(B23<>"",IFERROR(IF((SUMIF(D$20:AI$20, "CLO5", D23:AI23)/AO$10)=0,"",(SUMIF(D$20:AI$20, "CLO5", D23:AI23)/AO$10)),""),"") | AX23: =IF(AW23="","",IF(AW23>=B$10,"Y","N")) | AY23: =IF(AW23="","",IF(AW23<50%,1,IF(AND(AW23>=50%,AW23<B$10),2,IF(AW23>=B$10,3)))) | AZ23: =IF(B23<>"",IFERROR(IF((SUMIF(D$20:AI$20, "CLO6", D23:AI23)/AO$11)=0,"",(SUMIF(D$20:AI$20, "CLO6", D23:AI23)/AO$11)),""),"") | BA23: =IF(AZ23="","",IF(AZ23>=B$10,"Y","N")) | BB23: =IF(BA23="","",IF(BA23<50%,1,IF(AND(BA23>=50%,BA23<B$10),2,IF(BA23>=B$10,3)))) | BC23: =IF(B23<>"",IFERROR(IF((SUMIF(D$20:AI$20, "CLO7", D23:AI23)/AO$12)=0,"",(SUMIF(D$20:AI$20, "CLO7", D23:AI23)/AO$12)),""),"") | BD23: =IF(BC23="","",IF(BC23>=B$10,"Y","N")) | BE23: =IF(BD23="","",IF(BD23<50%,1,IF(AND(BD23>=50%,BD23<B$10),2,IF(BD23>=B$10,3)))) | BF23: =IF(B23<>"",IFERROR(IF((SUMIF(D$20:AI$20, "CLO8", D23:AI23)/AO$13)=0,"",(SUMIF(D$20:AI$20, "CLO8", D23:AI23)/AO$13)),""),"") | BG23: =IF(BF23="","",IF(BF23>=B$10,"Y","N")) | BH23: =IF(BG23="","",IF(BG23<50%,1,IF(AND(BG23>=50%,BG23<B$10),2,IF(BG23>=B$10,3)))) | BI23: =IF(B23<>"",IFERROR(IF((SUMIF(D$20:AI$20, "CLO9", D23:AI23)/AO$14)=0,"",(SUMIF(D$20:AI$20, "CLO9", D23:AI23)/AO$14)),""),"") | BJ23: =IF(BI23="","",IF(BI23>=B$10,"Y","N")) | BK23: =IF(BJ23="","",IF(BJ23<50%,1,IF(AND(BJ23>=50%,BJ23<B$10),2,IF(BJ23>=B$10,3)))) | BL23: =IF(B23<>"",IFERROR(IF((SUMIF(D$20:AI$20,"CLO10",D23:AI23)/AO$15)=0,"",(SUMIF(D$20:AI$20,"CLO10",D23:AI23)/AO$15)),""),"") | BM23: =IF(BL23="","",IF(BL23>=B$10,"Y","N")) | BN23: =IF(BM23="","",IF(BM23<50%,1,IF(AND(BM23>=50%,BM23<B$10),2,IF(BM23>=B$10,3))))
A24: =IF(B$6="LECTURE",IF('Database (LECTURE-RES-PRAC)'!A19="","",'Database (LECTURE-RES-PRAC)'!A19),"") | B24: =IF(B$6="LECTURE",IF('Database (LECTURE-RES-PRAC)'!B19="","",'Database (LECTURE-RES-PRAC)'!B19),"") -> lim, patricia | C24: =IF(B24<>"",'Database (LECTURE-RES-PRAC)'!C19,"") -> 0 | D24: 46 | N24: =IF(B24<>"",SUM(D24:M24),"") -> 46 | P24: 26 | Y24: =IF(B24<>"",SUM(O24:X24),"") -> 26 | Z24: 22 | AA24: 32 | AB24: 37 | AJ24: =IF(B24<>"",SUM(Z24:AI24),"") -> 91 | AK24: =IF(B24<>"",IFERROR(IF((SUMIF(D$20:AI$20, "CLO1", D24:AI24)/AO$6)=0,"",(SUMIF(D$20:AI$20, "CLO1", D24:AI24)/AO$6)),""),"") -> 0.43870968 | AL24: =IF(AK24="","",IF(AK24>=B$10,"Y","N")) -> N | AM24: =IF(AK24="","",IF(AK24<50%,1,IF(AND(AK24>=50%,AK24<B$10),2,IF(AK24>=B$10,3)))) -> 1 | AN24: =IF(B24<>"",IFERROR(IF((SUMIF(D$20:AI$20, "CLO2", D24:AI24)/AO$7)=0,"",(SUMIF(D$20:AI$20, "CLO2", D24:AI24)/AO$7)),""),"") -> 0.89230769 | AO24: =IF(AN24="","",IF(AN24>=B$10,"Y","N")) -> Y | AP24: =IF(AN24="","",IF(AN24<50%,1,IF(AND(AN24>=50%,AN24<B$10),2,IF(AN24>=B$10,3)))) -> 3 | AQ24: =IF(B24<>"",IFERROR(IF((SUMIF(D$20:AI$20, "CLO3", D24:AI24)/AO$8)=0,"",(SUMIF(D$20:AI$20, "CLO3", D24:AI24)/AO$8)),""),"") -> 0.925 | AR24: =IF(AQ24="","",IF(AQ24>=B$10,"Y","N")) -> Y | AS24: =IF(AQ24="","",IF(AQ24<50%,1,IF(AND(AQ24>=50%,AQ24<B$10),2,IF(AQ24>=B$10,3)))) -> 3 | AT24: =IF(B24<>"",IFERROR(IF((SUMIF(D$20:AI$20, "CLO4", D24:AI24)/AO$9)=0,"",(SUMIF(D$20:AI$20, "CLO4", D24:AI24)/AO$9)),""),"") | AU24: =IF(AT24="","",IF(AT24>=B$10,"Y","N")) | AV24: =IF(AT24="","",IF(AT24<50%,1,IF(AND(AT24>=50%,AT24<B$10),2,IF(AT24>=B$10,3)))) | AW24: =IF(B24<>"",IFERROR(IF((SUMIF(D$20:AI$20, "CLO5", D24:AI24)/AO$10)=0,"",(SUMIF(D$20:AI$20, "CLO5", D24:AI24)/AO$10)),""),"") | AX24: =IF(AW24="","",IF(AW24>=B$10,"Y","N")) | AY24: =IF(AW24="","",IF(AW24<50%,1,IF(AND(AW24>=50%,AW24<B$10),2,IF(AW24>=B$10,3)))) | AZ24: =IF(B24<>"",IFERROR(IF((SUMIF(D$20:AI$20, "CLO6", D24:AI24)/AO$11)=0,"",(SUMIF(D$20:AI$20, "CLO6", D24:AI24)/AO$11)),""),"") | BA24: =IF(AZ24="","",IF(AZ24>=B$10,"Y","N")) | BB24: =IF(BA24="","",IF(BA24<50%,1,IF(AND(BA24>=50%,BA24<B$10),2,IF(BA24>=B$10,3)))) | BC24: =IF(B24<>"",IFERROR(IF((SUMIF(D$20:AI$20, "CLO7", D24:AI24)/AO$12)=0,"",(SUMIF(D$20:AI$20, "CLO7", D24:AI24)/AO$12)),""),"") | BD24: =IF(BC24="","",IF(BC24>=B$10,"Y","N")) | BE24: =IF(BD24="","",IF(BD24<50%,1,IF(AND(BD24>=50%,BD24<B$10),2,IF(BD24>=B$10,3)))) | BF24: =IF(B24<>"",IFERROR(IF((SUMIF(D$20:AI$20, "CLO8", D24:AI24)/AO$13)=0,"",(SUMIF(D$20:AI$20, "CLO8", D24:AI24)/AO$13)),""),"") | BG24: =IF(BF24="","",IF(BF24>=B$10,"Y","N")) | BH24: =IF(BG24="","",IF(BG24<50%,1,IF(AND(BG24>=50%,BG24<B$10),2,IF(BG24>=B$10,3)))) | BI24: =IF(B24<>"",IFERROR(IF((SUMIF(D$20:AI$20, "CLO9", D24:AI24)/AO$14)=0,"",(SUMIF(D$20:AI$20, "CLO9", D24:AI24)/AO$14)),""),"") | BJ24: =IF(BI24="","",IF(BI24>=B$10,"Y","N")) | BK24: =IF(BJ24="","",IF(BJ24<50%,1,IF(AND(BJ24>=50%,BJ24<B$10),2,IF(BJ24>=B$10,3)))) | BL24: =IF(B24<>"",IFERROR(IF((SUMIF(D$20:AI$20,"CLO10",D24:AI24)/AO$15)=0,"",(SUMIF(D$20:AI$20,"CLO10",D24:AI24)/AO$15)),""),"") | BM24: =IF(BL24="","",IF(BL24>=B$10,"Y","N")) | BN24: =IF(BM24="","",IF(BM24<50%,1,IF(AND(BM24>=50%,BM24<B$10),2,IF(BM24>=B$10,3))))
A25: =IF(B$6="LECTURE",IF('Database (LECTURE-RES-PRAC)'!A20="","",'Database (LECTURE-RES-PRAC)'!A20),"") | B25: =IF(B$6="LECTURE",IF('Database (LECTURE-RES-PRAC)'!B20="","",'Database (LECTURE-RES-PRAC)'!B20),"") -> yap, gerald | C25: =IF(B25<>"",'Database (LECTURE-RES-PRAC)'!C20,"") -> 0 | D25: 57 | N25: =IF(B25<>"",SUM(D25:M25),"") -> 57 | O25: 66 | P25: 23 | Y25: =IF(B25<>"",SUM(O25:X25),"") -> 89 | Z25: 23 | AA25: 27 | AB25: 31 | AJ25: =IF(B25<>"",SUM(Z25:AI25),"") -> 81 | AK25: =IF(B25<>"",IFERROR(IF((SUMIF(D$20:AI$20, "CLO1", D25:AI25)/AO$6)=0,"",(SUMIF(D$20:AI$20, "CLO1", D25:AI25)/AO$6)),""),"") -> 0.94193548 | AL25: =IF(AK25="","",IF(AK25>=B$10,"Y","N")) -> Y | AM25: =IF(AK25="","",IF(AK25<50%,1,IF(AND(AK25>=50%,AK25<B$10),2,IF(AK25>=B$10,3)))) -> 3 | AN25: =IF(B25<>"",IFERROR(IF((SUMIF(D$20:AI$20, "CLO2", D25:AI25)/AO$7)=0,"",(SUMIF(D$20:AI$20, "CLO2", D25:AI25)/AO$7)),""),"") -> 0.76923077 | AO25: =IF(AN25="","",IF(AN25>=B$10,"Y","N")) -> Y | AP25: =IF(AN25="","",IF(AN25<50%,1,IF(AND(AN25>=50%,AN25<B$10),2,IF(AN25>=B$10,3)))) -> 3 | AQ25: =IF(B25<>"",IFERROR(IF((SUMIF(D$20:AI$20, "CLO3", D25:AI25)/AO$8)=0,"",(SUMIF(D$20:AI$20, "CLO3", D25:AI25)/AO$8)),""),"") -> 0.775 | AR25: =IF(AQ25="","",IF(AQ25>=B$10,"Y","N")) -> Y | AS25: =IF(AQ25="","",IF(AQ25<50%,1,IF(AND(AQ25>=50%,AQ25<B$10),2,IF(AQ25>=B$10,3)))) -> 3 | AT25: =IF(B25<>"",IFERROR(IF((SUMIF(D$20:AI$20, "CLO4", D25:AI25)/AO$9)=0,"",(SUMIF(D$20:AI$20, "CLO4", D25:AI25)/AO$9)),""),"") | AU25: =IF(AT25="","",IF(AT25>=B$10,"Y","N")) | AV25: =IF(AT25="","",IF(AT25<50%,1,IF(AND(AT25>=50%,AT25<B$10),2,IF(AT25>=B$10,3)))) | AW25: =IF(B25<>"",IFERROR(IF((SUMIF(D$20:AI$20, "CLO5", D25:AI25)/AO$10)=0,"",(SUMIF(D$20:AI$20, "CLO5", D25:AI25)/AO$10)),""),"") | AX25: =IF(AW25="","",IF(AW25>=B$10,"Y","N")) | AY25: =IF(AW25="","",IF(AW25<50%,1,IF(AND(AW25>=50%,AW25<B$10),2,IF(AW25>=B$10,3)))) | AZ25: =IF(B25<>"",IFERROR(IF((SUMIF(D$20:AI$20, "CLO6", D25:AI25)/AO$11)=0,"",(SUMIF(D$20:AI$20, "CLO6", D25:AI25)/AO$11)),""),"") | BA25: =IF(AZ25="","",IF(AZ25>=B$10,"Y","N")) | BB25: =IF(BA25="","",IF(BA25<50%,1,IF(AND(BA25>=50%,BA25<B$10),2,IF(BA25>=B$10,3)))) | BC25: =IF(B25<>"",IFERROR(IF((SUMIF(D$20:AI$20, "CLO7", D25:AI25)/AO$12)=0,"",(SUMIF(D$20:AI$20, "CLO7", D25:AI25)/AO$12)),""),"") | BD25: =IF(BC25="","",IF(BC25>=B$10,"Y","N")) | BE25: =IF(BD25="","",IF(BD25<50%,1,IF(AND(BD25>=50%,BD25<B$10),2,IF(BD25>=B$10,3)))) | BF25: =IF(B25<>"",IFERROR(IF((SUMIF(D$20:AI$20, "CLO8", D25:AI25)/AO$13)=0,"",(SUMIF(D$20:AI$20, "CLO8", D25:AI25)/AO$13)),""),"") | BG25: =IF(BF25="","",IF(BF25>=B$10,"Y","N")) | BH25: =IF(BG25="","",IF(BG25<50%,1,IF(AND(BG25>=50%,BG25<B$10),2,IF(BG25>=B$10,3)))) | BI25: =IF(B25<>"",IFERROR(IF((SUMIF(D$20:AI$20, "CLO9", D25:AI25)/AO$14)=0,"",(SUMIF(D$20:AI$20, "CLO9", D25:AI25)/AO$14)),""),"") | BJ25: =IF(BI25="","",IF(BI25>=B$10,"Y","N")) | BK25: =IF(BJ25="","",IF(BJ25<50%,1,IF(AND(BJ25>=50%,BJ25<B$10),2,IF(BJ25>=B$10,3)))) | BL25: =IF(B25<>"",IFERROR(IF((SUMIF(D$20:AI$20,"CLO10",D25:AI25)/AO$15)=0,"",(SUMIF(D$20:AI$20,"CLO10",D25:AI25)/AO$15)),""),"") | BM25: =IF(BL25="","",IF(BL25>=B$10,"Y","N")) | BN25: =IF(BM25="","",IF(BM25<50%,1,IF(AND(BM25>=50%,BM25<B$10),2,IF(BM25>=B$10,3))))
A26: =IF(B$6="LECTURE",IF('Database (LECTURE-RES-PRAC)'!A21="","",'Database (LECTURE-RES-PRAC)'!A21),"") | B26: =IF(B$6="LECTURE",IF('Database (LECTURE-RES-PRAC)'!B21="","",'Database (LECTURE-RES-PRAC)'!B21),"") -> chua, angeline | C26: =IF(B26<>"",'Database (LECTURE-RES-PRAC)'!C21,"") -> 0 | D26: 53 | N26: =IF(B26<>"",SUM(D26:M26),"") -> 53 | O26: 65 | P26: 26 | Y26: =IF(B26<>"",SUM(O26:X26),"") -> 91 | Z26: 22 | AA26: 27 | AB26: 35 | AJ26: =IF(B26<>"",SUM(Z26:AI26),"") -> 84 | AK26: =IF(B26<>"",IFERROR(IF((SUMIF(D$20:AI$20, "CLO1", D26:AI26)/AO$6)=0,"",(SUMIF(D$20:AI$20, "CLO1", D26:AI26)/AO$6)),""),"") -> 0.90322581 | AL26: =IF(AK26="","",IF(AK26>=B$10,"Y","N")) -> Y | AM26: =IF(AK26="","",IF(AK26<50%,1,IF(AND(AK26>=50%,AK26<B$10),2,IF(AK26>=B$10,3)))) -> 3 | AN26: =IF(B26<>"",IFERROR(IF((SUMIF(D$20:AI$20, "CLO2", D26:AI26)/AO$7)=0,"",(SUMIF(D$20:AI$20, "CLO2", D26:AI26)/AO$7)),""),"") -> 0.81538462 | AO26: =IF(AN26="","",IF(AN26>=B$10,"Y","N")) -> Y | AP26: =IF(AN26="","",IF(AN26<50%,1,IF(AND(AN26>=50%,AN26<B$10),2,IF(AN26>=B$10,3)))) -> 3 | AQ26: =IF(B26<>"",IFERROR(IF((SUMIF(D$20:AI$20, "CLO3", D26:AI26)/AO$8)=0,"",(SUMIF(D$20:AI$20, "CLO3", D26:AI26)/AO$8)),""),"") -> 0.875 | AR26: =IF(AQ26="","",IF(AQ26>=B$10,"Y","N")) -> Y | AS26: =IF(AQ26="","",IF(AQ26<50%,1,IF(AND(AQ26>=50%,AQ26<B$10),2,IF(AQ26>=B$10,3)))) -> 3 | AT26: =IF(B26<>"",IFERROR(IF((SUMIF(D$20:AI$20, "CLO4", D26:AI26)/AO$9)=0,"",(SUMIF(D$20:AI$20, "CLO4", D26:AI26)/AO$9)),""),"") | AU26: =IF(AT26="","",IF(AT26>=B$10,"Y","N")) | AV26: =IF(AT26="","",IF(AT26<50%,1,IF(AND(AT26>=50%,AT26<B$10),2,IF(AT26>=B$10,3)))) | AW26: =IF(B26<>"",IFERROR(IF((SUMIF(D$20:AI$20, "CLO5", D26:AI26)/AO$10)=0,"",(SUMIF(D$20:AI$20, "CLO5", D26:AI26)/AO$10)),""),"") | AX26: =IF(AW26="","",IF(AW26>=B$10,"Y","N")) | AY26: =IF(AW26="","",IF(AW26<50%,1,IF(AND(AW26>=50%,AW26<B$10),2,IF(AW26>=B$10,3)))) | AZ26: =IF(B26<>"",IFERROR(IF((SUMIF(D$20:AI$20, "CLO6", D26:AI26)/AO$11)=0,"",(SUMIF(D$20:AI$20, "CLO6", D26:AI26)/AO$11)),""),"") | BA26: =IF(AZ26="","",IF(AZ26>=B$10,"Y","N")) | BB26: =IF(BA26="","",IF(BA26<50%,1,IF(AND(BA26>=50%,BA26<B$10),2,IF(BA26>=B$10,3)))) | BC26: =IF(B26<>"",IFERROR(IF((SUMIF(D$20:AI$20, "CLO7", D26:AI26)/AO$12)=0,"",(SUMIF(D$20:AI$20, "CLO7", D26:AI26)/AO$12)),""),"") | BD26: =IF(BC26="","",IF(BC26>=B$10,"Y","N")) | BE26: =IF(BD26="","",IF(BD26<50%,1,IF(AND(BD26>=50%,BD26<B$10),2,IF(BD26>=B$10,3)))) | BF26: =IF(B26<>"",IFERROR(IF((SUMIF(D$20:AI$20, "CLO8", D26:AI26)/AO$13)=0,"",(SUMIF(D$20:AI$20, "CLO8", D26:AI26)/AO$13)),""),"") | BG26: =IF(BF26="","",IF(BF26>=B$10,"Y","N")) | BH26: =IF(BG26="","",IF(BG26<50%,1,IF(AND(BG26>=50%,BG26<B$10),2,IF(BG26>=B$10,3)))) | BI26: =IF(B26<>"",IFERROR(IF((SUMIF(D$20:AI$20, "CLO9", D26:AI26)/AO$14)=0,"",(SUMIF(D$20:AI$20, "CLO9", D26:AI26)/AO$14)),""),"") | BJ26: =IF(BI26="","",IF(BI26>=B$10,"Y","N")) | BK26: =IF(BJ26="","",IF(BJ26<50%,1,IF(AND(BJ26>=50%,BJ26<B$10),2,IF(BJ26>=B$10,3)))) | BL26: =IF(B26<>"",IFERROR(IF((SUMIF(D$20:AI$20,"CLO10",D26:AI26)/AO$15)=0,"",(SUMIF(D$20:AI$20,"CLO10",D26:AI26)/AO$15)),""),"") | BM26: =IF(BL26="","",IF(BL26>=B$10,"Y","N")) | BN26: =IF(BM26="","",IF(BM26<50%,1,IF(AND(BM26>=50%,BM26<B$10),2,IF(BM26>=B$10,3))))
A27: =IF(B$6="LECTURE",IF('Database (LECTURE-RES-PRAC)'!A22="","",'Database (LECTURE-RES-PRAC)'!A22),"") | B27: =IF(B$6="LECTURE",IF('Database (LECTURE-RES-PRAC)'!B22="","",'Database (LECTURE-RES-PRAC)'!B22),"") -> tan, russell | C27: =IF(B27<>"",'Database (LECTURE-RES-PRAC)'!C22,"") -> 0 | D27: 48 | N27: =IF(B27<>"",SUM(D27:M27),"") -> 48 | P27: 24 | Y27: =IF(B27<>"",SUM(O27:X27),"") -> 24 | Z27: 23 | AA27: 27 | AB27: 37 | AJ27: =IF(B27<>"",SUM(Z27:AI27),"") -> 87 | AK27: =IF(B27<>"",IFERROR(IF((SUMIF(D$20:AI$20, "CLO1", D27:AI27)/AO$6)=0,"",(SUMIF(D$20:AI$20, "CLO1", D27:AI27)/AO$6)),""),"") -> 0.45806452 | AL27: =IF(AK27="","",IF(AK27>=B$10,"Y","N")) -> N | AM27: =IF(AK27="","",IF(AK27<50%,1,IF(AND(AK27>=50%,AK27<B$10),2,IF(AK27>=B$10,3)))) -> 1 | AN27: =IF(B27<>"",IFERROR(IF((SUMIF(D$20:AI$20, "CLO2", D27:AI27)/AO$7)=0,"",(SUMIF(D$20:AI$20, "CLO2", D27:AI27)/AO$7)),""),"") -> 0.78461538 | AO27: =IF(AN27="","",IF(AN27>=B$10,"Y","N")) -> Y | AP27: =IF(AN27="","",IF(AN27<50%,1,IF(AND(AN27>=50%,AN27<B$10),2,IF(AN27>=B$10,3)))) -> 3 | AQ27: =IF(B27<>"",IFERROR(IF((SUMIF(D$20:AI$20, "CLO3", D27:AI27)/AO$8)=0,"",(SUMIF(D$20:AI$20, "CLO3", D27:AI27)/AO$8)),""),"") -> 0.925 | AR27: =IF(AQ27="","",IF(AQ27>=B$10,"Y","N")) -> Y | AS27: =IF(AQ27="","",IF(AQ27<50%,1,IF(AND(AQ27>=50%,AQ27<B$10),2,IF(AQ27>=B$10,3)))) -> 3 | AT27: =IF(B27<>"",IFERROR(IF((SUMIF(D$20:AI$20, "CLO4", D27:AI27)/AO$9)=0,"",(SUMIF(D$20:AI$20, "CLO4", D27:AI27)/AO$9)),""),"") | AU27: =IF(AT27="","",IF(AT27>=B$10,"Y","N")) | AV27: =IF(AT27="","",IF(AT27<50%,1,IF(AND(AT27>=50%,AT27<B$10),2,IF(AT27>=B$10,3)))) | AW27: =IF(B27<>"",IFERROR(IF((SUMIF(D$20:AI$20, "CLO5", D27:AI27)/AO$10)=0,"",(SUMIF(D$20:AI$20, "CLO5", D27:AI27)/AO$10)),""),"") | AX27: =IF(AW27="","",IF(AW27>=B$10,"Y","N")) | AY27: =IF(AW27="","",IF(AW27<50%,1,IF(AND(AW27>=50%,AW27<B$10),2,IF(AW27>=B$10,3)))) | AZ27: =IF(B27<>"",IFERROR(IF((SUMIF(D$20:AI$20, "CLO6", D27:AI27)/AO$11)=0,"",(SUMIF(D$20:AI$20, "CLO6", D27:AI27)/AO$11)),""),"") | BA27: =IF(AZ27="","",IF(AZ27>=B$10,"Y","N")) | BB27: =IF(BA27="","",IF(BA27<50%,1,IF(AND(BA27>=50%,BA27<B$10),2,IF(BA27>=B$10,3)))) | BC27: =IF(B27<>"",IFERROR(IF((SUMIF(D$20:AI$20, "CLO7", D27:AI27)/AO$12)=0,"",(SUMIF(D$20:AI$20, "CLO7", D27:AI27)/AO$12)),""),"") | BD27: =IF(BC27="","",IF(BC27>=B$10,"Y","N")) | BE27: =IF(BD27="","",IF(BD27<50%,1,IF(AND(BD27>=50%,BD27<B$10),2,IF(BD27>=B$10,3)))) | BF27: =IF(B27<>"",IFERROR(IF((SUMIF(D$20:AI$20, "CLO8", D27:AI27)/AO$13)=0,"",(SUMIF(D$20:AI$20, "CLO8", D27:AI27)/AO$13)),""),"") | BG27: =IF(BF27="","",IF(BF27>=B$10,"Y","N")) | BH27: =IF(BG27="","",IF(BG27<50%,1,IF(AND(BG27>=50%,BG27<B$10),2,IF(BG27>=B$10,3)))) | BI27: =IF(B27<>"",IFERROR(IF((SUMIF(D$20:AI$20, "CLO9", D27:AI27)/AO$14)=0,"",(SUMIF(D$20:AI$20, "CLO9", D27:AI27)/AO$14)),""),"") | BJ27: =IF(BI27="","",IF(BI27>=B$10,"Y","N")) | BK27: =IF(BJ27="","",IF(BJ27<50%,1,IF(AND(BJ27>=50%,BJ27<B$10),2,IF(BJ27>=B$10,3)))) | BL27: =IF(B27<>"",IFERROR(IF((SUMIF(D$20:AI$20,"CLO10",D27:AI27)/AO$15)=0,"",(SUMIF(D$20:AI$20,"CLO10",D27:AI27)/AO$15)),""),"") | BM27: =IF(BL27="","",IF(BL27>=B$10,"Y","N")) | BN27: =IF(BM27="","",IF(BM27<50%,1,IF(AND(BM27>=50%,BM27<B$10),2,IF(BM27>=B$10,3))))
A28: =IF(B$6="LECTURE",IF('Database (LECTURE-RES-PRAC)'!A23="","",'Database (LECTURE-RES-PRAC)'!A23),"") | B28: =IF(B$6="LECTURE",IF('Database (LECTURE-RES-PRAC)'!B23="","",'Database (LECTURE-RES-PRAC)'!B23),"") -> ong, bernadette | C28: =IF(B28<>"",'Database (LECTURE-RES-PRAC)'!C23,"") -> 0 | D28: 51 | N28: =IF(B28<>"",SUM(D28:M28),"") -> 51 | O28: 59 | P28: 23 | Y28: =IF(B28<>"",SUM(O28:X28),"") -> 82 | Z28: 15 | AA28: 27 | AB28: 36 | AJ28: =IF(B28<>"",SUM(Z28:AI28),"") -> 78 | AK28: =IF(B28<>"",IFERROR(IF((SUMIF(D$20:AI$20, "CLO1", D28:AI28)/AO$6)=0,"",(SUMIF(D$20:AI$20, "CLO1", D28:AI28)/AO$6)),""),"") -> 0.80645161 | AL28: =IF(AK28="","",IF(AK28>=B$10,"Y","N")) -> Y | AM28: =IF(AK28="","",IF(AK28<50%,1,IF(AND(AK28>=50%,AK28<B$10),2,IF(AK28>=B$10,3)))) -> 3 | AN28: =IF(B28<>"",IFERROR(IF((SUMIF(D$20:AI$20, "CLO2", D28:AI28)/AO$7)=0,"",(SUMIF(D$20:AI$20, "CLO2", D28:AI28)/AO$7)),""),"") -> 0.76923077 | AO28: =IF(AN28="","",IF(AN28>=B$10,"Y","N")) -> Y | AP28: =IF(AN28="","",IF(AN28<50%,1,IF(AND(AN28>=50%,AN28<B$10),2,IF(AN28>=B$10,3)))) -> 3 | AQ28: =IF(B28<>"",IFERROR(IF((SUMIF(D$20:AI$20, "CLO3", D28:AI28)/AO$8)=0,"",(SUMIF(D$20:AI$20, "CLO3", D28:AI28)/AO$8)),""),"") -> 0.9 | AR28: =IF(AQ28="","",IF(AQ28>=B$10,"Y","N")) -> Y | AS28: =IF(AQ28="","",IF(AQ28<50%,1,IF(AND(AQ28>=50%,AQ28<B$10),2,IF(AQ28>=B$10,3)))) -> 3 | AT28: =IF(B28<>"",IFERROR(IF((SUMIF(D$20:AI$20, "CLO4", D28:AI28)/AO$9)=0,"",(SUMIF(D$20:AI$20, "CLO4", D28:AI28)/AO$9)),""),"") | AU28: =IF(AT28="","",IF(AT28>=B$10,"Y","N")) | AV28: =IF(AT28="","",IF(AT28<50%,1,IF(AND(AT28>=50%,AT28<B$10),2,IF(AT28>=B$10,3)))) | AW28: =IF(B28<>"",IFERROR(IF((SUMIF(D$20:AI$20, "CLO5", D28:AI28)/AO$10)=0,"",(SUMIF(D$20:AI$20, "CLO5", D28:AI28)/AO$10)),""),"") | AX28: =IF(AW28="","",IF(AW28>=B$10,"Y","N")) | AY28: =IF(AW28="","",IF(AW28<50%,1,IF(AND(AW28>=50%,AW28<B$10),2,IF(AW28>=B$10,3)))) | AZ28: =IF(B28<>"",IFERROR(IF((SUMIF(D$20:AI$20, "CLO6", D28:AI28)/AO$11)=0,"",(SUMIF(D$20:AI$20, "CLO6", D28:AI28)/AO$11)),""),"") | BA28: =IF(AZ28="","",IF(AZ28>=B$10,"Y","N")) | BB28: =IF(BA28="","",IF(BA28<50%,1,IF(AND(BA28>=50%,BA28<B$10),2,IF(BA28>=B$10,3)))) | BC28: =IF(B28<>"",IFERROR(IF((SUMIF(D$20:AI$20, "CLO7", D28:AI28)/AO$12)=0,"",(SUMIF(D$20:AI$20, "CLO7", D28:AI28)/AO$12)),""),"") | BD28: =IF(BC28="","",IF(BC28>=B$10,"Y","N")) | BE28: =IF(BD28="","",IF(BD28<50%,1,IF(AND(BD28>=50%,BD28<B$10),2,IF(BD28>=B$10,3)))) | BF28: =IF(B28<>"",IFERROR(IF((SUMIF(D$20:AI$20, "CLO8", D28:AI28)/AO$13)=0,"",(SUMIF(D$20:AI$20, "CLO8", D28:AI28)/AO$13)),""),"") | BG28: =IF(BF28="","",IF(BF28>=B$10,"Y","N")) | BH28: =IF(BG28="","",IF(BG28<50%,1,IF(AND(BG28>=50%,BG28<B$10),2,IF(BG28>=B$10,3)))) | BI28: =IF(B28<>"",IFERROR(IF((SUMIF(D$20:AI$20, "CLO9", D28:AI28)/AO$14)=0,"",(SUMIF(D$20:AI$20, "CLO9", D28:AI28)/AO$14)),""),"") | BJ28: =IF(BI28="","",IF(BI28>=B$10,"Y","N")) | BK28: =IF(BJ28="","",IF(BJ28<50%,1,IF(AND(BJ28>=50%,BJ28<B$10),2,IF(BJ28>=B$10,3)))) | BL28: =IF(B28<>"",IFERROR(IF((SUMIF(D$20:AI$20,"CLO10",D28:AI28)/AO$15)=0,"",(SUMIF(D$20:AI$20,"CLO10",D28:AI28)/AO$15)),""),"") | BM28: =IF(BL28="","",IF(BL28>=B$10,"Y","N")) | BN28: =IF(BM28="","",IF(BM28<50%,1,IF(AND(BM28>=50%,BM28<B$10),2,IF(BM28>=B$10,3))))
A29: =IF(B$6="LECTURE",IF('Database (LECTURE-RES-PRAC)'!A24="","",'Database (LECTURE-RES-PRAC)'!A24),"") | B29: =IF(B$6="LECTURE",IF('Database (LECTURE-RES-PRAC)'!B24="","",'Database (LECTURE-RES-PRAC)'!B24),"") -> sy, victor | C29: =IF(B29<>"",'Database (LECTURE-RES-PRAC)'!C24,"") -> 0 | D29: 58 | N29: =IF(B29<>"",SUM(D29:M29),"") -> 58 | O29: 56 | P29: 24 | Y29: =IF(B29<>"",SUM(O29:X29),"") -> 80 | Z29: 24 | AA29: 32 | AB29: 36 | AJ29: =IF(B29<>"",SUM(Z29:AI29),"") -> 92 | AK29: =IF(B29<>"",IFERROR(IF((SUMIF(D$20:AI$20, "CLO1", D29:AI29)/AO$6)=0,"",(SUMIF(D$20:AI$20, "CLO1", D29:AI29)/AO$6)),""),"") -> 0.89032258 | AL29: =IF(AK29="","",IF(AK29>=B$10,"Y","N")) -> Y | AM29: =IF(AK29="","",IF(AK29<50%,1,IF(AND(AK29>=50%,AK29<B$10),2,IF(AK29>=B$10,3)))) -> 3 | AN29: =IF(B29<>"",IFERROR(IF((SUMIF(D$20:AI$20, "CLO2", D29:AI29)/AO$7)=0,"",(SUMIF(D$20:AI$20, "CLO2", D29:AI29)/AO$7)),""),"") -> 0.86153846 | AO29: =IF(AN29="","",IF(AN29>=B$10,"Y","N")) -> Y | AP29: =IF(AN29="","",IF(AN29<50%,1,IF(AND(AN29>=50%,AN29<B$10),2,IF(AN29>=B$10,3)))) -> 3 | AQ29: =IF(B29<>"",IFERROR(IF((SUMIF(D$20:AI$20, "CLO3", D29:AI29)/AO$8)=0,"",(SUMIF(D$20:AI$20, "CLO3", D29:AI29)/AO$8)),""),"") -> 0.9 | AR29: =IF(AQ29="","",IF(AQ29>=B$10,"Y","N")) -> Y | AS29: =IF(AQ29="","",IF(AQ29<50%,1,IF(AND(AQ29>=50%,AQ29<B$10),2,IF(AQ29>=B$10,3)))) -> 3 | AT29: =IF(B29<>"",IFERROR(IF((SUMIF(D$20:AI$20, "CLO4", D29:AI29)/AO$9)=0,"",(SUMIF(D$20:AI$20, "CLO4", D29:AI29)/AO$9)),""),"") | AU29: =IF(AT29="","",IF(AT29>=B$10,"Y","N")) | AV29: =IF(AT29="","",IF(AT29<50%,1,IF(AND(AT29>=50%,AT29<B$10),2,IF(AT29>=B$10,3)))) | AW29: =IF(B29<>"",IFERROR(IF((SUMIF(D$20:AI$20, "CLO5", D29:AI29)/AO$10)=0,"",(SUMIF(D$20:AI$20, "CLO5", D29:AI29)/AO$10)),""),"") | AX29: =IF(AW29="","",IF(AW29>=B$10,"Y","N")) | AY29: =IF(AW29="","",IF(AW29<50%,1,IF(AND(AW29>=50%,AW29<B$10),2,IF(AW29>=B$10,3)))) | AZ29: =IF(B29<>"",IFERROR(IF((SUMIF(D$20:AI$20, "CLO6", D29:AI29)/AO$11)=0,"",(SUMIF(D$20:AI$20, "CLO6", D29:AI29)/AO$11)),""),"") | BA29: =IF(AZ29="","",IF(AZ29>=B$10,"Y","N")) | BB29: =IF(BA29="","",IF(BA29<50%,1,IF(AND(BA29>=50%,BA29<B$10),2,IF(BA29>=B$10,3)))) | BC29: =IF(B29<>"",IFERROR(IF((SUMIF(D$20:AI$20, "CLO7", D29:AI29)/AO$12)=0,"",(SUMIF(D$20:AI$20, "CLO7", D29:AI29)/AO$12)),""),"") | BD29: =IF(BC29="","",IF(BC29>=B$10,"Y","N")) | BE29: =IF(BD29="","",IF(BD29<50%,1,IF(AND(BD29>=50%,BD29<B$10),2,IF(BD29>=B$10,3)))) | BF29: =IF(B29<>"",IFERROR(IF((SUMIF(D$20:AI$20, "CLO8", D29:AI29)/AO$13)=0,"",(SUMIF(D$20:AI$20, "CLO8", D29:AI29)/AO$13)),""),"") | BG29: =IF(BF29="","",IF(BF29>=B$10,"Y","N")) | BH29: =IF(BG29="","",IF(BG29<50%,1,IF(AND(BG29>=50%,BG29<B$10),2,IF(BG29>=B$10,3)))) | BI29: =IF(B29<>"",IFERROR(IF((SUMIF(D$20:AI$20, "CLO9", D29:AI29)/AO$14)=0,"",(SUMIF(D$20:AI$20, "CLO9", D29:AI29)/AO$14)),""),"") | BJ29: =IF(BI29="","",IF(BI29>=B$10,"Y","N")) | BK29: =IF(BJ29="","",IF(BJ29<50%,1,IF(AND(BJ29>=50%,BJ29<B$10),2,IF(BJ29>=B$10,3)))) | BL29: =IF(B29<>"",IFERROR(IF((SUMIF(D$20:AI$20,"CLO10",D29:AI29)/AO$15)=0,"",(SUMIF(D$20:AI$20,"CLO10",D29:AI29)/AO$15)),""),"") | BM29: =IF(BL29="","",IF(BL29>=B$10,"Y","N")) | BN29: =IF(BM29="","",IF(BM29<50%,1,IF(AND(BM29>=50%,BM29<B$10),2,IF(BM29>=B$10,3))))
A30: =IF(B$6="LECTURE",IF('Database (LECTURE-RES-PRAC)'!A25="","",'Database (LECTURE-RES-PRAC)'!A25),"") | B30: =IF(B$6="LECTURE",IF('Database (LECTURE-RES-PRAC)'!B25="","",'Database (LECTURE-RES-PRAC)'!B25),"") | C30: =IF(B30<>"",'Database (LECTURE-RES-PRAC)'!C25,"") | N30: =IF(B30<>"",SUM(D30:M30),"") | Y30: =IF(B30<>"",SUM(O30:X30),"") | AJ30: =IF(B30<>"",SUM(Z30:AI30),"") | AK30: =IF(B30<>"",IFERROR(IF((SUMIF(D$20:AI$20, "CLO1", D30:AI30)/AO$6)=0,"",(SUMIF(D$20:AI$20, "CLO1", D30:AI30)/AO$6)),""),"") | AL30: =IF(AK30="","",IF(AK30>=B$10,"Y","N")) | AM30: =IF(AK30="","",IF(AK30<50%,1,IF(AND(AK30>=50%,AK30<B$10),2,IF(AK30>=B$10,3)))) | AN30: =IF(B30<>"",IFERROR(IF((SUMIF(D$20:AI$20, "CLO2", D30:AI30)/AO$7)=0,"",(SUMIF(D$20:AI$20, "CLO2", D30:AI30)/AO$7)),""),"") | AO30: =IF(AN30="","",IF(AN30>=B$10,"Y","N")) | AP30: =IF(AN30="","",IF(AN30<50%,1,IF(AND(AN30>=50%,AN30<B$10),2,IF(AN30>=B$10,3)))) | AQ30: =IF(B30<>"",IFERROR(IF((SUMIF(D$20:AI$20, "CLO3", D30:AI30)/AO$8)=0,"",(SUMIF(D$20:AI$20, "CLO3", D30:AI30)/AO$8)),""),"") | AR30: =IF(AQ30="","",IF(AQ30>=B$10,"Y","N")) | AS30: =IF(AQ30="","",IF(AQ30<50%,1,IF(AND(AQ30>=50%,AQ30<B$10),2,IF(AQ30>=B$10,3)))) | AT30: =IF(B30<>"",IFERROR(IF((SUMIF(D$20:AI$20, "CLO4", D30:AI30)/AO$9)=0,"",(SUMIF(D$20:AI$20, "CLO4", D30:AI30)/AO$9)),""),"") | AU30: =IF(AT30="","",IF(AT30>=B$10,"Y","N")) | AV30: =IF(AT30="","",IF(AT30<50%,1,IF(AND(AT30>=50%,AT30<B$10),2,IF(AT30>=B$10,3)))) | AW30: =IF(B30<>"",IFERROR(IF((SUMIF(D$20:AI$20, "CLO5", D30:AI30)/AO$10)=0,"",(SUMIF(D$20:AI$20, "CLO5", D30:AI30)/AO$10)),""),"") | AX30: =IF(AW30="","",IF(AW30>=B$10,"Y","N")) | AY30: =IF(AW30="","",IF(AW30<50%,1,IF(AND(AW30>=50%,AW30<B$10),2,IF(AW30>=B$10,3)))) | AZ30: =IF(B30<>"",IFERROR(IF((SUMIF(D$20:AI$20, "CLO6", D30:AI30)/AO$11)=0,"",(SUMIF(D$20:AI$20, "CLO6", D30:AI30)/AO$11)),""),"") | BA30: =IF(AZ30="","",IF(AZ30>=B$10,"Y","N")) | BB30: =IF(BA30="","",IF(BA30<50%,1,IF(AND(BA30>=50%,BA30<B$10),2,IF(BA30>=B$10,3)))) | BC30: =IF(B30<>"",IFERROR(IF((SUMIF(D$20:AI$20, "CLO7", D30:AI30)/AO$12)=0,"",(SUMIF(D$20:AI$20, "CLO7", D30:AI30)/AO$12)),""),"") | BD30: =IF(BC30="","",IF(BC30>=B$10,"Y","N")) | BE30: =IF(BD30="","",IF(BD30<50%,1,IF(AND(BD30>=50%,BD30<B$10),2,IF(BD30>=B$10,3)))) | BF30: =IF(B30<>"",IFERROR(IF((SUMIF(D$20:AI$20, "CLO8", D30:AI30)/AO$13)=0,"",(SUMIF(D$20:AI$20, "CLO8", D30:AI30)/AO$13)),""),"") | BG30: =IF(BF30="","",IF(BF30>=B$10,"Y","N")) | BH30: =IF(BG30="","",IF(BG30<50%,1,IF(AND(BG30>=50%,BG30<B$10),2,IF(BG30>=B$10,3)))) | BI30: =IF(B30<>"",IFERROR(IF((SUMIF(D$20:AI$20, "CLO9", D30:AI30)/AO$14)=0,"",(SUMIF(D$20:AI$20, "CLO9", D30:AI30)/AO$14)),""),"") | BJ30: =IF(BI30="","",IF(BI30>=B$10,"Y","N")) | BK30: =IF(BJ30="","",IF(BJ30<50%,1,IF(AND(BJ30>=50%,BJ30<B$10),2,IF(BJ30>=B$10,3)))) | BL30: =IF(B30<>"",IFERROR(IF((SUMIF(D$20:AI$20,"CLO10",D30:AI30)/AO$15)=0,"",(SUMIF(D$20:AI$20,"CLO10",D30:AI30)/AO$15)),""),"") | BM30: =IF(BL30="","",IF(BL30>=B$10,"Y","N")) | BN30: =IF(BM30="","",IF(BM30<50%,1,IF(AND(BM30>=50%,BM30<B$10),2,IF(BM30>=B$10,3))))
A31: =IF(B$6="LECTURE",IF('Database (LECTURE-RES-PRAC)'!A26="","",'Database (LECTURE-RES-PRAC)'!A26),"") | B31: =IF(B$6="LECTURE",IF('Database (LECTURE-RES-PRAC)'!B26="","",'Database (LECTURE-RES-PRAC)'!B26),"") | C31: =IF(B31<>"",'Database (LECTURE-RES-PRAC)'!C26,"") | N31: =IF(B31<>"",SUM(D31:M31),"") | Y31: =IF(B31<>"",SUM(O31:X31),"") | AJ31: =IF(B31<>"",SUM(Z31:AI31),"") | AK31: =IF(B31<>"",IFERROR(IF((SUMIF(D$20:AI$20, "CLO1", D31:AI31)/AO$6)=0,"",(SUMIF(D$20:AI$20, "CLO1", D31:AI31)/AO$6)),""),"") | AL31: =IF(AK31="","",IF(AK31>=B$10,"Y","N")) | AM31: =IF(AK31="","",IF(AK31<50%,1,IF(AND(AK31>=50%,AK31<B$10),2,IF(AK31>=B$10,3)))) | AN31: =IF(B31<>"",IFERROR(IF((SUMIF(D$20:AI$20, "CLO2", D31:AI31)/AO$7)=0,"",(SUMIF(D$20:AI$20, "CLO2", D31:AI31)/AO$7)),""),"") | AO31: =IF(AN31="","",IF(AN31>=B$10,"Y","N")) | AP31: =IF(AN31="","",IF(AN31<50%,1,IF(AND(AN31>=50%,AN31<B$10),2,IF(AN31>=B$10,3)))) | AQ31: =IF(B31<>"",IFERROR(IF((SUMIF(D$20:AI$20, "CLO3", D31:AI31)/AO$8)=0,"",(SUMIF(D$20:AI$20, "CLO3", D31:AI31)/AO$8)),""),"") | AR31: =IF(AQ31="","",IF(AQ31>=B$10,"Y","N")) | AS31: =IF(AQ31="","",IF(AQ31<50%,1,IF(AND(AQ31>=50%,AQ31<B$10),2,IF(AQ31>=B$10,3)))) | AT31: =IF(B31<>"",IFERROR(IF((SUMIF(D$20:AI$20, "CLO4", D31:AI31)/AO$9)=0,"",(SUMIF(D$20:AI$20, "CLO4", D31:AI31)/AO$9)),""),"") | AU31: =IF(AT31="","",IF(AT31>=B$10,"Y","N")) | AV31: =IF(AT31="","",IF(AT31<50%,1,IF(AND(AT31>=50%,AT31<B$10),2,IF(AT31>=B$10,3)))) | AW31: =IF(B31<>"",IFERROR(IF((SUMIF(D$20:AI$20, "CLO5", D31:AI31)/AO$10)=0,"",(SUMIF(D$20:AI$20, "CLO5", D31:AI31)/AO$10)),""),"") | AX31: =IF(AW31="","",IF(AW31>=B$10,"Y","N")) | AY31: =IF(AW31="","",IF(AW31<50%,1,IF(AND(AW31>=50%,AW31<B$10),2,IF(AW31>=B$10,3)))) | AZ31: =IF(B31<>"",IFERROR(IF((SUMIF(D$20:AI$20, "CLO6", D31:AI31)/AO$11)=0,"",(SUMIF(D$20:AI$20, "CLO6", D31:AI31)/AO$11)),""),"") | BA31: =IF(AZ31="","",IF(AZ31>=B$10,"Y","N")) | BB31: =IF(BA31="","",IF(BA31<50%,1,IF(AND(BA31>=50%,BA31<B$10),2,IF(BA31>=B$10,3)))) | BC31: =IF(B31<>"",IFERROR(IF((SUMIF(D$20:AI$20, "CLO7", D31:AI31)/AO$12)=0,"",(SUMIF(D$20:AI$20, "CLO7", D31:AI31)/AO$12)),""),"") | BD31: =IF(BC31="","",IF(BC31>=B$10,"Y","N")) | BE31: =IF(BD31="","",IF(BD31<50%,1,IF(AND(BD31>=50%,BD31<B$10),2,IF(BD31>=B$10,3)))) | BF31: =IF(B31<>"",IFERROR(IF((SUMIF(D$20:AI$20, "CLO8", D31:AI31)/AO$13)=0,"",(SUMIF(D$20:AI$20, "CLO8", D31:AI31)/AO$13)),""),"") | BG31: =IF(BF31="","",IF(BF31>=B$10,"Y","N")) | BH31: =IF(BG31="","",IF(BG31<50%,1,IF(AND(BG31>=50%,BG31<B$10),2,IF(BG31>=B$10,3)))) | BI31: =IF(B31<>"",IFERROR(IF((SUMIF(D$20:AI$20, "CLO9", D31:AI31)/AO$14)=0,"",(SUMIF(D$20:AI$20, "CLO9", D31:AI31)/AO$14)),""),"") | BJ31: =IF(BI31="","",IF(BI31>=B$10,"Y","N")) | BK31: =IF(BJ31="","",IF(BJ31<50%,1,IF(AND(BJ31>=50%,BJ31<B$10),2,IF(BJ31>=B$10,3)))) | BL31: =IF(B31<>"",IFERROR(IF((SUMIF(D$20:AI$20,"CLO10",D31:AI31)/AO$15)=0,"",(SUMIF(D$20:AI$20,"CLO10",D31:AI31)/AO$15)),""),"") | BM31: =IF(BL31="","",IF(BL31>=B$10,"Y","N")) | BN31: =IF(BM31="","",IF(BM31<50%,1,IF(AND(BM31>=50%,BM31<B$10),2,IF(BM31>=B$10,3))))
A32: =IF(B$6="LECTURE",IF('Database (LECTURE-RES-PRAC)'!A27="","",'Database (LECTURE-RES-PRAC)'!A27),"") | B32: =IF(B$6="LECTURE",IF('Database (LECTURE-RES-PRAC)'!B27="","",'Database (LECTURE-RES-PRAC)'!B27),"") | C32: =IF(B32<>"",'Database (LECTURE-RES-PRAC)'!C27,"") | N32: =IF(B32<>"",SUM(D32:M32),"") | Y32: =IF(B32<>"",SUM(O32:X32),"") | AJ32: =IF(B32<>"",SUM(Z32:AI32),"") | AK32: =IF(B32<>"",IFERROR(IF((SUMIF(D$20:AI$20, "CLO1", D32:AI32)/AO$6)=0,"",(SUMIF(D$20:AI$20, "CLO1", D32:AI32)/AO$6)),""),"") | AL32: =IF(AK32="","",IF(AK32>=B$10,"Y","N")) | AM32: =IF(AK32="","",IF(AK32<50%,1,IF(AND(AK32>=50%,AK32<B$10),2,IF(AK32>=B$10,3)))) | AN32: =IF(B32<>"",IFERROR(IF((SUMIF(D$20:AI$20, "CLO2", D32:AI32)/AO$7)=0,"",(SUMIF(D$20:AI$20, "CLO2", D32:AI32)/AO$7)),""),"") | AO32: =IF(AN32="","",IF(AN32>=B$10,"Y","N")) | AP32: =IF(AN32="","",IF(AN32<50%,1,IF(AND(AN32>=50%,AN32<B$10),2,IF(AN32>=B$10,3)))) | AQ32: =IF(B32<>"",IFERROR(IF((SUMIF(D$20:AI$20, "CLO3", D32:AI32)/AO$8)=0,"",(SUMIF(D$20:AI$20, "CLO3", D32:AI32)/AO$8)),""),"") | AR32: =IF(AQ32="","",IF(AQ32>=B$10,"Y","N")) | AS32: =IF(AQ32="","",IF(AQ32<50%,1,IF(AND(AQ32>=50%,AQ32<B$10),2,IF(AQ32>=B$10,3)))) | AT32: =IF(B32<>"",IFERROR(IF((SUMIF(D$20:AI$20, "CLO4", D32:AI32)/AO$9)=0,"",(SUMIF(D$20:AI$20, "CLO4", D32:AI32)/AO$9)),""),"") | AU32: =IF(AT32="","",IF(AT32>=B$10,"Y","N")) | AV32: =IF(AT32="","",IF(AT32<50%,1,IF(AND(AT32>=50%,AT32<B$10),2,IF(AT32>=B$10,3)))) | AW32: =IF(B32<>"",IFERROR(IF((SUMIF(D$20:AI$20, "CLO5", D32:AI32)/AO$10)=0,"",(SUMIF(D$20:AI$20, "CLO5", D32:AI32)/AO$10)),""),"") | AX32: =IF(AW32="","",IF(AW32>=B$10,"Y","N")) | AY32: =IF(AW32="","",IF(AW32<50%,1,IF(AND(AW32>=50%,AW32<B$10),2,IF(AW32>=B$10,3)))) | AZ32: =IF(B32<>"",IFERROR(IF((SUMIF(D$20:AI$20, "CLO6", D32:AI32)/AO$11)=0,"",(SUMIF(D$20:AI$20, "CLO6", D32:AI32)/AO$11)),""),"") | BA32: =IF(AZ32="","",IF(AZ32>=B$10,"Y","N")) | BB32: =IF(BA32="","",IF(BA32<50%,1,IF(AND(BA32>=50%,BA32<B$10),2,IF(BA32>=B$10,3)))) | BC32: =IF(B32<>"",IFERROR(IF((SUMIF(D$20:AI$20, "CLO7", D32:AI32)/AO$12)=0,"",(SUMIF(D$20:AI$20, "CLO7", D32:AI32)/AO$12)),""),"") | BD32: =IF(BC32="","",IF(BC32>=B$10,"Y","N")) | BE32: =IF(BD32="","",IF(BD32<50%,1,IF(AND(BD32>=50%,BD32<B$10),2,IF(BD32>=B$10,3)))) | BF32: =IF(B32<>"",IFERROR(IF((SUMIF(D$20:AI$20, "CLO8", D32:AI32)/AO$13)=0,"",(SUMIF(D$20:AI$20, "CLO8", D32:AI32)/AO$13)),""),"") | BG32: =IF(BF32="","",IF(BF32>=B$10,"Y","N")) | BH32: =IF(BG32="","",IF(BG32<50%,1,IF(AND(BG32>=50%,BG32<B$10),2,IF(BG32>=B$10,3)))) | BI32: =IF(B32<>"",IFERROR(IF((SUMIF(D$20:AI$20, "CLO9", D32:AI32)/AO$14)=0,"",(SUMIF(D$20:AI$20, "CLO9", D32:AI32)/AO$14)),""),"") | BJ32: =IF(BI32="","",IF(BI32>=B$10,"Y","N")) | BK32: =IF(BJ32="","",IF(BJ32<50%,1,IF(AND(BJ32>=50%,BJ32<B$10),2,IF(BJ32>=B$10,3)))) | BL32: =IF(B32<>"",IFERROR(IF((SUMIF(D$20:AI$20,"CLO10",D32:AI32)/AO$15)=0,"",(SUMIF(D$20:AI$20,"CLO10",D32:AI32)/AO$15)),""),"") | BM32: =IF(BL32="","",IF(BL32>=B$10,"Y","N")) | BN32: =IF(BM32="","",IF(BM32<50%,1,IF(AND(BM32>=50%,BM32<B$10),2,IF(BM32>=B$10,3))))
A33: =IF(B$6="LECTURE",IF('Database (LECTURE-RES-PRAC)'!A28="","",'Database (LECTURE-RES-PRAC)'!A28),"") | B33: =IF(B$6="LECTURE",IF('Database (LECTURE-RES-PRAC)'!B28="","",'Database (LECTURE-RES-PRAC)'!B28),"") | C33: =IF(B33<>"",'Database (LECTURE-RES-PRAC)'!C28,"") | N33: =IF(B33<>"",SUM(D33:M33),"") | Y33: =IF(B33<>"",SUM(O33:X33),"") | AJ33: =IF(B33<>"",SUM(Z33:AI33),"") | AK33: =IF(B33<>"",IFERROR(IF((SUMIF(D$20:AI$20, "CLO1", D33:AI33)/AO$6)=0,"",(SUMIF(D$20:AI$20, "CLO1", D33:AI33)/AO$6)),""),"") | AL33: =IF(AK33="","",IF(AK33>=B$10,"Y","N")) | AM33: =IF(AK33="","",IF(AK33<50%,1,IF(AND(AK33>=50%,AK33<B$10),2,IF(AK33>=B$10,3)))) | AN33: =IF(B33<>"",IFERROR(IF((SUMIF(D$20:AI$20, "CLO2", D33:AI33)/AO$7)=0,"",(SUMIF(D$20:AI$20, "CLO2", D33:AI33)/AO$7)),""),"") | AO33: =IF(AN33="","",IF(AN33>=B$10,"Y","N")) | AP33: =IF(AN33="","",IF(AN33<50%,1,IF(AND(AN33>=50%,AN33<B$10),2,IF(AN33>=B$10,3)))) | AQ33: =IF(B33<>"",IFERROR(IF((SUMIF(D$20:AI$20, "CLO3", D33:AI33)/AO$8)=0,"",(SUMIF(D$20:AI$20, "CLO3", D33:AI33)/AO$8)),""),"") | AR33: =IF(AQ33="","",IF(AQ33>=B$10,"Y","N")) | AS33: =IF(AQ33="","",IF(AQ33<50%,1,IF(AND(AQ33>=50%,AQ33<B$10),2,IF(AQ33>=B$10,3)))) | AT33: =IF(B33<>"",IFERROR(IF((SUMIF(D$20:AI$20, "CLO4", D33:AI33)/AO$9)=0,"",(SUMIF(D$20:AI$20, "CLO4", D33:AI33)/AO$9)),""),"") | AU33: =IF(AT33="","",IF(AT33>=B$10,"Y","N")) | AV33: =IF(AT33="","",IF(AT33<50%,1,IF(AND(AT33>=50%,AT33<B$10),2,IF(AT33>=B$10,3)))) | AW33: =IF(B33<>"",IFERROR(IF((SUMIF(D$20:AI$20, "CLO5", D33:AI33)/AO$10)=0,"",(SUMIF(D$20:AI$20, "CLO5", D33:AI33)/AO$10)),""),"") | AX33: =IF(AW33="","",IF(AW33>=B$10,"Y","N")) | AY33: =IF(AW33="","",IF(AW33<50%,1,IF(AND(AW33>=50%,AW33<B$10),2,IF(AW33>=B$10,3)))) | AZ33: =IF(B33<>"",IFERROR(IF((SUMIF(D$20:AI$20, "CLO6", D33:AI33)/AO$11)=0,"",(SUMIF(D$20:AI$20, "CLO6", D33:AI33)/AO$11)),""),"") | BA33: =IF(AZ33="","",IF(AZ33>=B$10,"Y","N")) | BB33: =IF(BA33="","",IF(BA33<50%,1,IF(AND(BA33>=50%,BA33<B$10),2,IF(BA33>=B$10,3)))) | BC33: =IF(B33<>"",IFERROR(IF((SUMIF(D$20:AI$20, "CLO7", D33:AI33)/AO$12)=0,"",(SUMIF(D$20:AI$20, "CLO7", D33:AI33)/AO$12)),""),"") | BD33: =IF(BC33="","",IF(BC33>=B$10,"Y","N")) | BE33: =IF(BD33="","",IF(BD33<50%,1,IF(AND(BD33>=50%,BD33<B$10),2,IF(BD33>=B$10,3)))) | BF33: =IF(B33<>"",IFERROR(IF((SUMIF(D$20:AI$20, "CLO8", D33:AI33)/AO$13)=0,"",(SUMIF(D$20:AI$20, "CLO8", D33:AI33)/AO$13)),""),"") | BG33: =IF(BF33="","",IF(BF33>=B$10,"Y","N")) | BH33: =IF(BG33="","",IF(BG33<50%,1,IF(AND(BG33>=50%,BG33<B$10),2,IF(BG33>=B$10,3)))) | BI33: =IF(B33<>"",IFERROR(IF((SUMIF(D$20:AI$20, "CLO9", D33:AI33)/AO$14)=0,"",(SUMIF(D$20:AI$20, "CLO9", D33:AI33)/AO$14)),""),"") | BJ33: =IF(BI33="","",IF(BI33>=B$10,"Y","N")) | BK33: =IF(BJ33="","",IF(BJ33<50%,1,IF(AND(BJ33>=50%,BJ33<B$10),2,IF(BJ33>=B$10,3)))) | BL33: =IF(B33<>"",IFERROR(IF((SUMIF(D$20:AI$20,"CLO10",D33:AI33)/AO$15)=0,"",(SUMIF(D$20:AI$20,"CLO10",D33:AI33)/AO$15)),""),"") | BM33: =IF(BL33="","",IF(BL33>=B$10,"Y","N")) | BN33: =IF(BM33="","",IF(BM33<50%,1,IF(AND(BM33>=50%,BM33<B$10),2,IF(BM33>=B$10,3))))
A34: =IF(B$6="LECTURE",IF('Database (LECTURE-RES-PRAC)'!A29="","",'Database (LECTURE-RES-PRAC)'!A29),"") | B34: =IF(B$6="LECTURE",IF('Database (LECTURE-RES-PRAC)'!B29="","",'Database (LECTURE-RES-PRAC)'!B29),"") | C34: =IF(B34<>"",'Database (LECTURE-RES-PRAC)'!C29,"") | N34: =IF(B34<>"",SUM(D34:M34),"") | Y34: =IF(B34<>"",SUM(O34:X34),"") | AJ34: =IF(B34<>"",SUM(Z34:AI34),"") | AK34: =IF(B34<>"",IFERROR(IF((SUMIF(D$20:AI$20, "CLO1", D34:AI34)/AO$6)=0,"",(SUMIF(D$20:AI$20, "CLO1", D34:AI34)/AO$6)),""),"") | AL34: =IF(AK34="","",IF(AK34>=B$10,"Y","N")) | AM34: =IF(AK34="","",IF(AK34<50%,1,IF(AND(AK34>=50%,AK34<B$10),2,IF(AK34>=B$10,3)))) | AN34: =IF(B34<>"",IFERROR(IF((SUMIF(D$20:AI$20, "CLO2", D34:AI34)/AO$7)=0,"",(SUMIF(D$20:AI$20, "CLO2", D34:AI34)/AO$7)),""),"") | AO34: =IF(AN34="","",IF(AN34>=B$10,"Y","N")) | AP34: =IF(AN34="","",IF(AN34<50%,1,IF(AND(AN34>=50%,AN34<B$10),2,IF(AN34>=B$10,3)))) | AQ34: =IF(B34<>"",IFERROR(IF((SUMIF(D$20:AI$20, "CLO3", D34:AI34)/AO$8)=0,"",(SUMIF(D$20:AI$20, "CLO3", D34:AI34)/AO$8)),""),"") | AR34: =IF(AQ34="","",IF(AQ34>=B$10,"Y","N")) | AS34: =IF(AQ34="","",IF(AQ34<50%,1,IF(AND(AQ34>=50%,AQ34<B$10),2,IF(AQ34>=B$10,3)))) | AT34: =IF(B34<>"",IFERROR(IF((SUMIF(D$20:AI$20, "CLO4", D34:AI34)/AO$9)=0,"",(SUMIF(D$20:AI$20, "CLO4", D34:AI34)/AO$9)),""),"") | AU34: =IF(AT34="","",IF(AT34>=B$10,"Y","N")) | AV34: =IF(AT34="","",IF(AT34<50%,1,IF(AND(AT34>=50%,AT34<B$10),2,IF(AT34>=B$10,3)))) | AW34: =IF(B34<>"",IFERROR(IF((SUMIF(D$20:AI$20, "CLO5", D34:AI34)/AO$10)=0,"",(SUMIF(D$20:AI$20, "CLO5", D34:AI34)/AO$10)),""),"") | AX34: =IF(AW34="","",IF(AW34>=B$10,"Y","N")) | AY34: =IF(AW34="","",IF(AW34<50%,1,IF(AND(AW34>=50%,AW34<B$10),2,IF(AW34>=B$10,3)))) | AZ34: =IF(B34<>"",IFERROR(IF((SUMIF(D$20:AI$20, "CLO6", D34:AI34)/AO$11)=0,"",(SUMIF(D$20:AI$20, "CLO6", D34:AI34)/AO$11)),""),"") | BA34: =IF(AZ34="","",IF(AZ34>=B$10,"Y","N")) | BB34: =IF(BA34="","",IF(BA34<50%,1,IF(AND(BA34>=50%,BA34<B$10),2,IF(BA34>=B$10,3)))) | BC34: =IF(B34<>"",IFERROR(IF((SUMIF(D$20:AI$20, "CLO7", D34:AI34)/AO$12)=0,"",(SUMIF(D$20:AI$20, "CLO7", D34:AI34)/AO$12)),""),"") | BD34: =IF(BC34="","",IF(BC34>=B$10,"Y","N")) | BE34: =IF(BD34="","",IF(BD34<50%,1,IF(AND(BD34>=50%,BD34<B$10),2,IF(BD34>=B$10,3)))) | BF34: =IF(B34<>"",IFERROR(IF((SUMIF(D$20:AI$20, "CLO8", D34:AI34)/AO$13)=0,"",(SUMIF(D$20:AI$20, "CLO8", D34:AI34)/AO$13)),""),"") | BG34: =IF(BF34="","",IF(BF34>=B$10,"Y","N")) | BH34: =IF(BG34="","",IF(BG34<50%,1,IF(AND(BG34>=50%,BG34<B$10),2,IF(BG34>=B$10,3)))) | BI34: =IF(B34<>"",IFERROR(IF((SUMIF(D$20:AI$20, "CLO9", D34:AI34)/AO$14)=0,"",(SUMIF(D$20:AI$20, "CLO9", D34:AI34)/AO$14)),""),"") | BJ34: =IF(BI34="","",IF(BI34>=B$10,"Y","N")) | BK34: =IF(BJ34="","",IF(BJ34<50%,1,IF(AND(BJ34>=50%,BJ34<B$10),2,IF(BJ34>=B$10,3)))) | BL34: =IF(B34<>"",IFERROR(IF((SUMIF(D$20:AI$20,"CLO10",D34:AI34)/AO$15)=0,"",(SUMIF(D$20:AI$20,"CLO10",D34:AI34)/AO$15)),""),"") | BM34: =IF(BL34="","",IF(BL34>=B$10,"Y","N")) | BN34: =IF(BM34="","",IF(BM34<50%,1,IF(AND(BM34>=50%,BM34<B$10),2,IF(BM34>=B$10,3))))
A35: =IF(B$6="LECTURE",IF('Database (LECTURE-RES-PRAC)'!A30="","",'Database (LECTURE-RES-PRAC)'!A30),"") | B35: =IF(B$6="LECTURE",IF('Database (LECTURE-RES-PRAC)'!B30="","",'Database (LECTURE-RES-PRAC)'!B30),"") | C35: =IF(B35<>"",'Database (LECTURE-RES-PRAC)'!C30,"") | N35: =IF(B35<>"",SUM(D35:M35),"") | Y35: =IF(B35<>"",SUM(O35:X35),"") | AJ35: =IF(B35<>"",SUM(Z35:AI35),"") | AK35: =IF(B35<>"",IFERROR(IF((SUMIF(D$20:AI$20, "CLO1", D35:AI35)/AO$6)=0,"",(SUMIF(D$20:AI$20, "CLO1", D35:AI35)/AO$6)),""),"") | AL35: =IF(AK35="","",IF(AK35>=B$10,"Y","N")) | AM35: =IF(AK35="","",IF(AK35<50%,1,IF(AND(AK35>=50%,AK35<B$10),2,IF(AK35>=B$10,3)))) | AN35: =IF(B35<>"",IFERROR(IF((SUMIF(D$20:AI$20, "CLO2", D35:AI35)/AO$7)=0,"",(SUMIF(D$20:AI$20, "CLO2", D35:AI35)/AO$7)),""),"") | AO35: =IF(AN35="","",IF(AN35>=B$10,"Y","N")) | AP35: =IF(AN35="","",IF(AN35<50%,1,IF(AND(AN35>=50%,AN35<B$10),2,IF(AN35>=B$10,3)))) | AQ35: =IF(B35<>"",IFERROR(IF((SUMIF(D$20:AI$20, "CLO3", D35:AI35)/AO$8)=0,"",(SUMIF(D$20:AI$20, "CLO3", D35:AI35)/AO$8)),""),"") | AR35: =IF(AQ35="","",IF(AQ35>=B$10,"Y","N")) | AS35: =IF(AQ35="","",IF(AQ35<50%,1,IF(AND(AQ35>=50%,AQ35<B$10),2,IF(AQ35>=B$10,3)))) | AT35: =IF(B35<>"",IFERROR(IF((SUMIF(D$20:AI$20, "CLO4", D35:AI35)/AO$9)=0,"",(SUMIF(D$20:AI$20, "CLO4", D35:AI35)/AO$9)),""),"") | AU35: =IF(AT35="","",IF(AT35>=B$10,"Y","N")) | AV35: =IF(AT35="","",IF(AT35<50%,1,IF(AND(AT35>=50%,AT35<B$10),2,IF(AT35>=B$10,3)))) | AW35: =IF(B35<>"",IFERROR(IF((SUMIF(D$20:AI$20, "CLO5", D35:AI35)/AO$10)=0,"",(SUMIF(D$20:AI$20, "CLO5", D35:AI35)/AO$10)),""),"") | AX35: =IF(AW35="","",IF(AW35>=B$10,"Y","N")) | AY35: =IF(AW35="","",IF(AW35<50%,1,IF(AND(AW35>=50%,AW35<B$10),2,IF(AW35>=B$10,3)))) | AZ35: =IF(B35<>"",IFERROR(IF((SUMIF(D$20:AI$20, "CLO6", D35:AI35)/AO$11)=0,"",(SUMIF(D$20:AI$20, "CLO6", D35:AI35)/AO$11)),""),"") | BA35: =IF(AZ35="","",IF(AZ35>=B$10,"Y","N")) | BB35: =IF(BA35="","",IF(BA35<50%,1,IF(AND(BA35>=50%,BA35<B$10),2,IF(BA35>=B$10,3)))) | BC35: =IF(B35<>"",IFERROR(IF((SUMIF(D$20:AI$20, "CLO7", D35:AI35)/AO$12)=0,"",(SUMIF(D$20:AI$20, "CLO7", D35:AI35)/AO$12)),""),"") | BD35: =IF(BC35="","",IF(BC35>=B$10,"Y","N")) | BE35: =IF(BD35="","",IF(BD35<50%,1,IF(AND(BD35>=50%,BD35<B$10),2,IF(BD35>=B$10,3)))) | BF35: =IF(B35<>"",IFERROR(IF((SUMIF(D$20:AI$20, "CLO8", D35:AI35)/AO$13)=0,"",(SUMIF(D$20:AI$20, "CLO8", D35:AI35)/AO$13)),""),"") | BG35: =IF(BF35="","",IF(BF35>=B$10,"Y","N")) | BH35: =IF(BG35="","",IF(BG35<50%,1,IF(AND(BG35>=50%,BG35<B$10),2,IF(BG35>=B$10,3)))) | BI35: =IF(B35<>"",IFERROR(IF((SUMIF(D$20:AI$20, "CLO9", D35:AI35)/AO$14)=0,"",(SUMIF(D$20:AI$20, "CLO9", D35:AI35)/AO$14)),""),"") | BJ35: =IF(BI35="","",IF(BI35>=B$10,"Y","N")) | BK35: =IF(BJ35="","",IF(BJ35<50%,1,IF(AND(BJ35>=50%,BJ35<B$10),2,IF(BJ35>=B$10,3)))) | BL35: =IF(B35<>"",IFERROR(IF((SUMIF(D$20:AI$20,"CLO10",D35:AI35)/AO$15)=0,"",(SUMIF(D$20:AI$20,"CLO10",D35:AI35)/AO$15)),""),"") | BM35: =IF(BL35="","",IF(BL35>=B$10,"Y","N")) | BN35: =IF(BM35="","",IF(BM35<50%,1,IF(AND(BM35>=50%,BM35<B$10),2,IF(BM35>=B$10,3))))
A36: =IF(B$6="LECTURE",IF('Database (LECTURE-RES-PRAC)'!A31="","",'Database (LECTURE-RES-PRAC)'!A31),"") | B36: =IF(B$6="LECTURE",IF('Database (LECTURE-RES-PRAC)'!B31="","",'Database (LECTURE-RES-PRAC)'!B31),"") | C36: =IF(B36<>"",'Database (LECTURE-RES-PRAC)'!C31,"") | N36: =IF(B36<>"",SUM(D36:M36),"") | Y36: =IF(B36<>"",SUM(O36:X36),"") | AJ36: =IF(B36<>"",SUM(Z36:AI36),"") | AK36: =IF(B36<>"",IFERROR(IF((SUMIF(D$20:AI$20, "CLO1", D36:AI36)/AO$6)=0,"",(SUMIF(D$20:AI$20, "CLO1", D36:AI36)/AO$6)),""),"") | AL36: =IF(AK36="","",IF(AK36>=B$10,"Y","N")) | AM36: =IF(AK36="","",IF(AK36<50%,1,IF(AND(AK36>=50%,AK36<B$10),2,IF(AK36>=B$10,3)))) | AN36: =IF(B36<>"",IFERROR(IF((SUMIF(D$20:AI$20, "CLO2", D36:AI36)/AO$7)=0,"",(SUMIF(D$20:AI$20, "CLO2", D36:AI36)/AO$7)),""),"") | AO36: =IF(AN36="","",IF(AN36>=B$10,"Y","N")) | AP36: =IF(AN36="","",IF(AN36<50%,1,IF(AND(AN36>=50%,AN36<B$10),2,IF(AN36>=B$10,3)))) | AQ36: =IF(B36<>"",IFERROR(IF((SUMIF(D$20:AI$20, "CLO3", D36:AI36)/AO$8)=0,"",(SUMIF(D$20:AI$20, "CLO3", D36:AI36)/AO$8)),""),"") | AR36: =IF(AQ36="","",IF(AQ36>=B$10,"Y","N")) | AS36: =IF(AQ36="","",IF(AQ36<50%,1,IF(AND(AQ36>=50%,AQ36<B$10),2,IF(AQ36>=B$10,3)))) | AT36: =IF(B36<>"",IFERROR(IF((SUMIF(D$20:AI$20, "CLO4", D36:AI36)/AO$9)=0,"",(SUMIF(D$20:AI$20, "CLO4", D36:AI36)/AO$9)),""),"") | AU36: =IF(AT36="","",IF(AT36>=B$10,"Y","N")) | AV36: =IF(AT36="","",IF(AT36<50%,1,IF(AND(AT36>=50%,AT36<B$10),2,IF(AT36>=B$10,3)))) | AW36: =IF(B36<>"",IFERROR(IF((SUMIF(D$20:AI$20, "CLO5", D36:AI36)/AO$10)=0,"",(SUMIF(D$20:AI$20, "CLO5", D36:AI36)/AO$10)),""),"") | AX36: =IF(AW36="","",IF(AW36>=B$10,"Y","N")) | AY36: =IF(AW36="","",IF(AW36<50%,1,IF(AND(AW36>=50%,AW36<B$10),2,IF(AW36>=B$10,3)))) | AZ36: =IF(B36<>"",IFERROR(IF((SUMIF(D$20:AI$20, "CLO6", D36:AI36)/AO$11)=0,"",(SUMIF(D$20:AI$20, "CLO6", D36:AI36)/AO$11)),""),"") | BA36: =IF(AZ36="","",IF(AZ36>=B$10,"Y","N")) | BB36: =IF(BA36="","",IF(BA36<50%,1,IF(AND(BA36>=50%,BA36<B$10),2,IF(BA36>=B$10,3)))) | BC36: =IF(B36<>"",IFERROR(IF((SUMIF(D$20:AI$20, "CLO7", D36:AI36)/AO$12)=0,"",(SUMIF(D$20:AI$20, "CLO7", D36:AI36)/AO$12)),""),"") | BD36: =IF(BC36="","",IF(BC36>=B$10,"Y","N")) | BE36: =IF(BD36="","",IF(BD36<50%,1,IF(AND(BD36>=50%,BD36<B$10),2,IF(BD36>=B$10,3)))) | BF36: =IF(B36<>"",IFERROR(IF((SUMIF(D$20:AI$20, "CLO8", D36:AI36)/AO$13)=0,"",(SUMIF(D$20:AI$20, "CLO8", D36:AI36)/AO$13)),""),"") | BG36: =IF(BF36="","",IF(BF36>=B$10,"Y","N")) | BH36: =IF(BG36="","",IF(BG36<50%,1,IF(AND(BG36>=50%,BG36<B$10),2,IF(BG36>=B$10,3)))) | BI36: =IF(B36<>"",IFERROR(IF((SUMIF(D$20:AI$20, "CLO9", D36:AI36)/AO$14)=0,"",(SUMIF(D$20:AI$20, "CLO9", D36:AI36)/AO$14)),""),"") | BJ36: =IF(BI36="","",IF(BI36>=B$10,"Y","N")) | BK36: =IF(BJ36="","",IF(BJ36<50%,1,IF(AND(BJ36>=50%,BJ36<B$10),2,IF(BJ36>=B$10,3)))) | BL36: =IF(B36<>"",IFERROR(IF((SUMIF(D$20:AI$20,"CLO10",D36:AI36)/AO$15)=0,"",(SUMIF(D$20:AI$20,"CLO10",D36:AI36)/AO$15)),""),"") | BM36: =IF(BL36="","",IF(BL36>=B$10,"Y","N")) | BN36: =IF(BM36="","",IF(BM36<50%,1,IF(AND(BM36>=50%,BM36<B$10),2,IF(BM36>=B$10,3))))
A37: =IF(B$6="LECTURE",IF('Database (LECTURE-RES-PRAC)'!A32="","",'Database (LECTURE-RES-PRAC)'!A32),"") | B37: =IF(B$6="LECTURE",IF('Database (LECTURE-RES-PRAC)'!B32="","",'Database (LECTURE-RES-PRAC)'!B32),"") | C37: =IF(B37<>"",'Database (LECTURE-RES-PRAC)'!C32,"") | N37: =IF(B37<>"",SUM(D37:M37),"") | Y37: =IF(B37<>"",SUM(O37:X37),"") | AJ37: =IF(B37<>"",SUM(Z37:AI37),"") | AK37: =IF(B37<>"",IFERROR(IF((SUMIF(D$20:AI$20, "CLO1", D37:AI37)/AO$6)=0,"",(SUMIF(D$20:AI$20, "CLO1", D37:AI37)/AO$6)),""),"") | AL37: =IF(AK37="","",IF(AK37>=B$10,"Y","N")) | AM37: =IF(AK37="","",IF(AK37<50%,1,IF(AND(AK37>=50%,AK37<B$10),2,IF(AK37>=B$10,3)))) | AN37: =IF(B37<>"",IFERROR(IF((SUMIF(D$20:AI$20, "CLO2", D37:AI37)/AO$7)=0,"",(SUMIF(D$20:AI$20, "CLO2", D37:AI37)/AO$7)),""),"") | AO37: =IF(AN37="","",IF(AN37>=B$10,"Y","N")) | AP37: =IF(AN37="","",IF(AN37<50%,1,IF(AND(AN37>=50%,AN37<B$10),2,IF(AN37>=B$10,3)))) | AQ37: =IF(B37<>"",IFERROR(IF((SUMIF(D$20:AI$20, "CLO3", D37:AI37)/AO$8)=0,"",(SUMIF(D$20:AI$20, "CLO3", D37:AI37)/AO$8)),""),"") | AR37: =IF(AQ37="","",IF(AQ37>=B$10,"Y","N")) | AS37: =IF(AQ37="","",IF(AQ37<50%,1,IF(AND(AQ37>=50%,AQ37<B$10),2,IF(AQ37>=B$10,3)))) | AT37: =IF(B37<>"",IFERROR(IF((SUMIF(D$20:AI$20, "CLO4", D37:AI37)/AO$9)=0,"",(SUMIF(D$20:AI$20, "CLO4", D37:AI37)/AO$9)),""),"") | AU37: =IF(AT37="","",IF(AT37>=B$10,"Y","N")) | AV37: =IF(AT37="","",IF(AT37<50%,1,IF(AND(AT37>=50%,AT37<B$10),2,IF(AT37>=B$10,3)))) | AW37: =IF(B37<>"",IFERROR(IF((SUMIF(D$20:AI$20, "CLO5", D37:AI37)/AO$10)=0,"",(SUMIF(D$20:AI$20, "CLO5", D37:AI37)/AO$10)),""),"") | AX37: =IF(AW37="","",IF(AW37>=B$10,"Y","N")) | AY37: =IF(AW37="","",IF(AW37<50%,1,IF(AND(AW37>=50%,AW37<B$10),2,IF(AW37>=B$10,3)))) | AZ37: =IF(B37<>"",IFERROR(IF((SUMIF(D$20:AI$20, "CLO6", D37:AI37)/AO$11)=0,"",(SUMIF(D$20:AI$20, "CLO6", D37:AI37)/AO$11)),""),"") | BA37: =IF(AZ37="","",IF(AZ37>=B$10,"Y","N")) | BB37: =IF(BA37="","",IF(BA37<50%,1,IF(AND(BA37>=50%,BA37<B$10),2,IF(BA37>=B$10,3)))) | BC37: =IF(B37<>"",IFERROR(IF((SUMIF(D$20:AI$20, "CLO7", D37:AI37)/AO$12)=0,"",(SUMIF(D$20:AI$20, "CLO7", D37:AI37)/AO$12)),""),"") | BD37: =IF(BC37="","",IF(BC37>=B$10,"Y","N")) | BE37: =IF(BD37="","",IF(BD37<50%,1,IF(AND(BD37>=50%,BD37<B$10),2,IF(BD37>=B$10,3)))) | BF37: =IF(B37<>"",IFERROR(IF((SUMIF(D$20:AI$20, "CLO8", D37:AI37)/AO$13)=0,"",(SUMIF(D$20:AI$20, "CLO8", D37:AI37)/AO$13)),""),"") | BG37: =IF(BF37="","",IF(BF37>=B$10,"Y","N")) | BH37: =IF(BG37="","",IF(BG37<50%,1,IF(AND(BG37>=50%,BG37<B$10),2,IF(BG37>=B$10,3)))) | BI37: =IF(B37<>"",IFERROR(IF((SUMIF(D$20:AI$20, "CLO9", D37:AI37)/AO$14)=0,"",(SUMIF(D$20:AI$20, "CLO9", D37:AI37)/AO$14)),""),"") | BJ37: =IF(BI37="","",IF(BI37>=B$10,"Y","N")) | BK37: =IF(BJ37="","",IF(BJ37<50%,1,IF(AND(BJ37>=50%,BJ37<B$10),2,IF(BJ37>=B$10,3)))) | BL37: =IF(B37<>"",IFERROR(IF((SUMIF(D$20:AI$20,"CLO10",D37:AI37)/AO$15)=0,"",(SUMIF(D$20:AI$20,"CLO10",D37:AI37)/AO$15)),""),"") | BM37: =IF(BL37="","",IF(BL37>=B$10,"Y","N")) | BN37: =IF(BM37="","",IF(BM37<50%,1,IF(AND(BM37>=50%,BM37<B$10),2,IF(BM37>=B$10,3))))
A38: =IF(B$6="LECTURE",IF('Database (LECTURE-RES-PRAC)'!A33="","",'Database (LECTURE-RES-PRAC)'!A33),"") | B38: =IF(B$6="LECTURE",IF('Database (LECTURE-RES-PRAC)'!B33="","",'Database (LECTURE-RES-PRAC)'!B33),"") | C38: =IF(B38<>"",'Database (LECTURE-RES-PRAC)'!C33,"") | N38: =IF(B38<>"",SUM(D38:M38),"") | Y38: =IF(B38<>"",SUM(O38:X38),"") | AJ38: =IF(B38<>"",SUM(Z38:AI38),"") | AK38: =IF(B38<>"",IFERROR(IF((SUMIF(D$20:AI$20, "CLO1", D38:AI38)/AO$6)=0,"",(SUMIF(D$20:AI$20, "CLO1", D38:AI38)/AO$6)),""),"") | AL38: =IF(AK38="","",IF(AK38>=B$10,"Y","N")) | AM38: =IF(AK38="","",IF(AK38<50%,1,IF(AND(AK38>=50%,AK38<B$10),2,IF(AK38>=B$10,3)))) | AN38: =IF(B38<>"",IFERROR(IF((SUMIF(D$20:AI$20, "CLO2", D38:AI38)/AO$7)=0,"",(SUMIF(D$20:AI$20, "CLO2", D38:AI38)/AO$7)),""),"") | AO38: =IF(AN38="","",IF(AN38>=B$10,"Y","N")) | AP38: =IF(AN38="","",IF(AN38<50%,1,IF(AND(AN38>=50%,AN38<B$10),2,IF(AN38>=B$10,3)))) | AQ38: =IF(B38<>"",IFERROR(IF((SUMIF(D$20:AI$20, "CLO3", D38:AI38)/AO$8)=0,"",(SUMIF(D$20:AI$20, "CLO3", D38:AI38)/AO$8)),""),"") | AR38: =IF(AQ38="","",IF(AQ38>=B$10,"Y","N")) | AS38: =IF(AQ38="","",IF(AQ38<50%,1,IF(AND(AQ38>=50%,AQ38<B$10),2,IF(AQ38>=B$10,3)))) | AT38: =IF(B38<>"",IFERROR(IF((SUMIF(D$20:AI$20, "CLO4", D38:AI38)/AO$9)=0,"",(SUMIF(D$20:AI$20, "CLO4", D38:AI38)/AO$9)),""),"") | AU38: =IF(AT38="","",IF(AT38>=B$10,"Y","N")) | AV38: =IF(AT38="","",IF(AT38<50%,1,IF(AND(AT38>=50%,AT38<B$10),2,IF(AT38>=B$10,3)))) | AW38: =IF(B38<>"",IFERROR(IF((SUMIF(D$20:AI$20, "CLO5", D38:AI38)/AO$10)=0,"",(SUMIF(D$20:AI$20, "CLO5", D38:AI38)/AO$10)),""),"") | AX38: =IF(AW38="","",IF(AW38>=B$10,"Y","N")) | AY38: =IF(AW38="","",IF(AW38<50%,1,IF(AND(AW38>=50%,AW38<B$10),2,IF(AW38>=B$10,3)))) | AZ38: =IF(B38<>"",IFERROR(IF((SUMIF(D$20:AI$20, "CLO6", D38:AI38)/AO$11)=0,"",(SUMIF(D$20:AI$20, "CLO6", D38:AI38)/AO$11)),""),"") | BA38: =IF(AZ38="","",IF(AZ38>=B$10,"Y","N")) | BB38: =IF(BA38="","",IF(BA38<50%,1,IF(AND(BA38>=50%,BA38<B$10),2,IF(BA38>=B$10,3)))) | BC38: =IF(B38<>"",IFERROR(IF((SUMIF(D$20:AI$20, "CLO7", D38:AI38)/AO$12)=0,"",(SUMIF(D$20:AI$20, "CLO7", D38:AI38)/AO$12)),""),"") | BD38: =IF(BC38="","",IF(BC38>=B$10,"Y","N")) | BE38: =IF(BD38="","",IF(BD38<50%,1,IF(AND(BD38>=50%,BD38<B$10),2,IF(BD38>=B$10,3)))) | BF38: =IF(B38<>"",IFERROR(IF((SUMIF(D$20:AI$20, "CLO8", D38:AI38)/AO$13)=0,"",(SUMIF(D$20:AI$20, "CLO8", D38:AI38)/AO$13)),""),"") | BG38: =IF(BF38="","",IF(BF38>=B$10,"Y","N")) | BH38: =IF(BG38="","",IF(BG38<50%,1,IF(AND(BG38>=50%,BG38<B$10),2,IF(BG38>=B$10,3)))) | BI38: =IF(B38<>"",IFERROR(IF((SUMIF(D$20:AI$20, "CLO9", D38:AI38)/AO$14)=0,"",(SUMIF(D$20:AI$20, "CLO9", D38:AI38)/AO$14)),""),"") | BJ38: =IF(BI38="","",IF(BI38>=B$10,"Y","N")) | BK38: =IF(BJ38="","",IF(BJ38<50%,1,IF(AND(BJ38>=50%,BJ38<B$10),2,IF(BJ38>=B$10,3)))) | BL38: =IF(B38<>"",IFERROR(IF((SUMIF(D$20:AI$20,"CLO10",D38:AI38)/AO$15)=0,"",(SUMIF(D$20:AI$20,"CLO10",D38:AI38)/AO$15)),""),"") | BM38: =IF(BL38="","",IF(BL38>=B$10,"Y","N")) | BN38: =IF(BM38="","",IF(BM38<50%,1,IF(AND(BM38>=50%,BM38<B$10),2,IF(BM38>=B$10,3))))
A39: =IF(B$6="LECTURE",IF('Database (LECTURE-RES-PRAC)'!A34="","",'Database (LECTURE-RES-PRAC)'!A34),"") | B39: =IF(B$6="LECTURE",IF('Database (LECTURE-RES-PRAC)'!B34="","",'Database (LECTURE-RES-PRAC)'!B34),"") | C39: =IF(B39<>"",'Database (LECTURE-RES-PRAC)'!C34,"") | N39: =IF(B39<>"",SUM(D39:M39),"") | Y39: =IF(B39<>"",SUM(O39:X39),"") | AJ39: =IF(B39<>"",SUM(Z39:AI39),"") | AK39: =IF(B39<>"",IFERROR(IF((SUMIF(D$20:AI$20, "CLO1", D39:AI39)/AO$6)=0,"",(SUMIF(D$20:AI$20, "CLO1", D39:AI39)/AO$6)),""),"") | AL39: =IF(AK39="","",IF(AK39>=B$10,"Y","N")) | AM39: =IF(AK39="","",IF(AK39<50%,1,IF(AND(AK39>=50%,AK39<B$10),2,IF(AK39>=B$10,3)))) | AN39: =IF(B39<>"",IFERROR(IF((SUMIF(D$20:AI$20, "CLO2", D39:AI39)/AO$7)=0,"",(SUMIF(D$20:AI$20, "CLO2", D39:AI39)/AO$7)),""),"") | AO39: =IF(AN39="","",IF(AN39>=B$10,"Y","N")) | AP39: =IF(AN39="","",IF(AN39<50%,1,IF(AND(AN39>=50%,AN39<B$10),2,IF(AN39>=B$10,3)))) | AQ39: =IF(B39<>"",IFERROR(IF((SUMIF(D$20:AI$20, "CLO3", D39:AI39)/AO$8)=0,"",(SUMIF(D$20:AI$20, "CLO3", D39:AI39)/AO$8)),""),"") | AR39: =IF(AQ39="","",IF(AQ39>=B$10,"Y","N")) | AS39: =IF(AQ39="","",IF(AQ39<50%,1,IF(AND(AQ39>=50%,AQ39<B$10),2,IF(AQ39>=B$10,3)))) | AT39: =IF(B39<>"",IFERROR(IF((SUMIF(D$20:AI$20, "CLO4", D39:AI39)/AO$9)=0,"",(SUMIF(D$20:AI$20, "CLO4", D39:AI39)/AO$9)),""),"") | AU39: =IF(AT39="","",IF(AT39>=B$10,"Y","N")) | AV39: =IF(AT39="","",IF(AT39<50%,1,IF(AND(AT39>=50%,AT39<B$10),2,IF(AT39>=B$10,3)))) | AW39: =IF(B39<>"",IFERROR(IF((SUMIF(D$20:AI$20, "CLO5", D39:AI39)/AO$10)=0,"",(SUMIF(D$20:AI$20, "CLO5", D39:AI39)/AO$10)),""),"") | AX39: =IF(AW39="","",IF(AW39>=B$10,"Y","N")) | AY39: =IF(AW39="","",IF(AW39<50%,1,IF(AND(AW39>=50%,AW39<B$10),2,IF(AW39>=B$10,3)))) | AZ39: =IF(B39<>"",IFERROR(IF((SUMIF(D$20:AI$20, "CLO6", D39:AI39)/AO$11)=0,"",(SUMIF(D$20:AI$20, "CLO6", D39:AI39)/AO$11)),""),"") | BA39: =IF(AZ39="","",IF(AZ39>=B$10,"Y","N")) | BB39: =IF(BA39="","",IF(BA39<50%,1,IF(AND(BA39>=50%,BA39<B$10),2,IF(BA39>=B$10,3)))) | BC39: =IF(B39<>"",IFERROR(IF((SUMIF(D$20:AI$20, "CLO7", D39:AI39)/AO$12)=0,"",(SUMIF(D$20:AI$20, "CLO7", D39:AI39)/AO$12)),""),"") | BD39: =IF(BC39="","",IF(BC39>=B$10,"Y","N")) | BE39: =IF(BD39="","",IF(BD39<50%,1,IF(AND(BD39>=50%,BD39<B$10),2,IF(BD39>=B$10,3)))) | BF39: =IF(B39<>"",IFERROR(IF((SUMIF(D$20:AI$20, "CLO8", D39:AI39)/AO$13)=0,"",(SUMIF(D$20:AI$20, "CLO8", D39:AI39)/AO$13)),""),"") | BG39: =IF(BF39="","",IF(BF39>=B$10,"Y","N")) | BH39: =IF(BG39="","",IF(BG39<50%,1,IF(AND(BG39>=50%,BG39<B$10),2,IF(BG39>=B$10,3)))) | BI39: =IF(B39<>"",IFERROR(IF((SUMIF(D$20:AI$20, "CLO9", D39:AI39)/AO$14)=0,"",(SUMIF(D$20:AI$20, "CLO9", D39:AI39)/AO$14)),""),"") | BJ39: =IF(BI39="","",IF(BI39>=B$10,"Y","N")) | BK39: =IF(BJ39="","",IF(BJ39<50%,1,IF(AND(BJ39>=50%,BJ39<B$10),2,IF(BJ39>=B$10,3)))) | BL39: =IF(B39<>"",IFERROR(IF((SUMIF(D$20:AI$20,"CLO10",D39:AI39)/AO$15)=0,"",(SUMIF(D$20:AI$20,"CLO10",D39:AI39)/AO$15)),""),"") | BM39: =IF(BL39="","",IF(BL39>=B$10,"Y","N")) | BN39: =IF(BM39="","",IF(BM39<50%,1,IF(AND(BM39>=50%,BM39<B$10),2,IF(BM39>=B$10,3))))
A40: =IF(B$6="LECTURE",IF('Database (LECTURE-RES-PRAC)'!A35="","",'Database (LECTURE-RES-PRAC)'!A35),"") | B40: =IF(B$6="LECTURE",IF('Database (LECTURE-RES-PRAC)'!B35="","",'Database (LECTURE-RES-PRAC)'!B35),"") | C40: =IF(B40<>"",'Database (LECTURE-RES-PRAC)'!C35,"") | N40: =IF(B40<>"",SUM(D40:M40),"") | Y40: =IF(B40<>"",SUM(O40:X40),"") | AJ40: =IF(B40<>"",SUM(Z40:AI40),"") | AK40: =IF(B40<>"",IFERROR(IF((SUMIF(D$20:AI$20, "CLO1", D40:AI40)/AO$6)=0,"",(SUMIF(D$20:AI$20, "CLO1", D40:AI40)/AO$6)),""),"") | AL40: =IF(AK40="","",IF(AK40>=B$10,"Y","N")) | AM40: =IF(AK40="","",IF(AK40<50%,1,IF(AND(AK40>=50%,AK40<B$10),2,IF(AK40>=B$10,3)))) | AN40: =IF(B40<>"",IFERROR(IF((SUMIF(D$20:AI$20, "CLO2", D40:AI40)/AO$7)=0,"",(SUMIF(D$20:AI$20, "CLO2", D40:AI40)/AO$7)),""),"") | AO40: =IF(AN40="","",IF(AN40>=B$10,"Y","N")) | AP40: =IF(AN40="","",IF(AN40<50%,1,IF(AND(AN40>=50%,AN40<B$10),2,IF(AN40>=B$10,3)))) | AQ40: =IF(B40<>"",IFERROR(IF((SUMIF(D$20:AI$20, "CLO3", D40:AI40)/AO$8)=0,"",(SUMIF(D$20:AI$20, "CLO3", D40:AI40)/AO$8)),""),"") | AR40: =IF(AQ40="","",IF(AQ40>=B$10,"Y","N")) | AS40: =IF(AQ40="","",IF(AQ40<50%,1,IF(AND(AQ40>=50%,AQ40<B$10),2,IF(AQ40>=B$10,3)))) | AT40: =IF(B40<>"",IFERROR(IF((SUMIF(D$20:AI$20, "CLO4", D40:AI40)/AO$9)=0,"",(SUMIF(D$20:AI$20, "CLO4", D40:AI40)/AO$9)),""),"") | AU40: =IF(AT40="","",IF(AT40>=B$10,"Y","N")) | AV40: =IF(AT40="","",IF(AT40<50%,1,IF(AND(AT40>=50%,AT40<B$10),2,IF(AT40>=B$10,3)))) | AW40: =IF(B40<>"",IFERROR(IF((SUMIF(D$20:AI$20, "CLO5", D40:AI40)/AO$10)=0,"",(SUMIF(D$20:AI$20, "CLO5", D40:AI40)/AO$10)),""),"") | AX40: =IF(AW40="","",IF(AW40>=B$10,"Y","N")) | AY40: =IF(AW40="","",IF(AW40<50%,1,IF(AND(AW40>=50%,AW40<B$10),2,IF(AW40>=B$10,3)))) | AZ40: =IF(B40<>"",IFERROR(IF((SUMIF(D$20:AI$20, "CLO6", D40:AI40)/AO$11)=0,"",(SUMIF(D$20:AI$20, "CLO6", D40:AI40)/AO$11)),""),"") | BA40: =IF(AZ40="","",IF(AZ40>=B$10,"Y","N")) | BB40: =IF(BA40="","",IF(BA40<50%,1,IF(AND(BA40>=50%,BA40<B$10),2,IF(BA40>=B$10,3)))) | BC40: =IF(B40<>"",IFERROR(IF((SUMIF(D$20:AI$20, "CLO7", D40:AI40)/AO$12)=0,"",(SUMIF(D$20:AI$20, "CLO7", D40:AI40)/AO$12)),""),"") | BD40: =IF(BC40="","",IF(BC40>=B$10,"Y","N")) | BE40: =IF(BD40="","",IF(BD40<50%,1,IF(AND(BD40>=50%,BD40<B$10),2,IF(BD40>=B$10,3)))) | BF40: =IF(B40<>"",IFERROR(IF((SUMIF(D$20:AI$20, "CLO8", D40:AI40)/AO$13)=0,"",(SUMIF(D$20:AI$20, "CLO8", D40:AI40)/AO$13)),""),"") | BG40: =IF(BF40="","",IF(BF40>=B$10,"Y","N")) | BH40: =IF(BG40="","",IF(BG40<50%,1,IF(AND(BG40>=50%,BG40<B$10),2,IF(BG40>=B$10,3)))) | BI40: =IF(B40<>"",IFERROR(IF((SUMIF(D$20:AI$20, "CLO9", D40:AI40)/AO$14)=0,"",(SUMIF(D$20:AI$20, "CLO9", D40:AI40)/AO$14)),""),"") | BJ40: =IF(BI40="","",IF(BI40>=B$10,"Y","N")) | BK40: =IF(BJ40="","",IF(BJ40<50%,1,IF(AND(BJ40>=50%,BJ40<B$10),2,IF(BJ40>=B$10,3)))) | BL40: =IF(B40<>"",IFERROR(IF((SUMIF(D$20:AI$20,"CLO10",D40:AI40)/AO$15)=0,"",(SUMIF(D$20:AI$20,"CLO10",D40:AI40)/AO$15)),""),"") | BM40: =IF(BL40="","",IF(BL40>=B$10,"Y","N")) | BN40: =IF(BM40="","",IF(BM40<50%,1,IF(AND(BM40>=50%,BM40<B$10),2,IF(BM40>=B$10,3))))
A41: =IF(B$6="LECTURE",IF('Database (LECTURE-RES-PRAC)'!A36="","",'Database (LECTURE-RES-PRAC)'!A36),"") | B41: =IF(B$6="LECTURE",IF('Database (LECTURE-RES-PRAC)'!B36="","",'Database (LECTURE-RES-PRAC)'!B36),"") | C41: =IF(B41<>"",'Database (LECTURE-RES-PRAC)'!C36,"") | N41: =IF(B41<>"",SUM(D41:M41),"") | Y41: =IF(B41<>"",SUM(O41:X41),"") | AJ41: =IF(B41<>"",SUM(Z41:AI41),"") | AK41: =IF(B41<>"",IFERROR(IF((SUMIF(D$20:AI$20, "CLO1", D41:AI41)/AO$6)=0,"",(SUMIF(D$20:AI$20, "CLO1", D41:AI41)/AO$6)),""),"") | AL41: =IF(AK41="","",IF(AK41>=B$10,"Y","N")) | AM41: =IF(AK41="","",IF(AK41<50%,1,IF(AND(AK41>=50%,AK41<B$10),2,IF(AK41>=B$10,3)))) | AN41: =IF(B41<>"",IFERROR(IF((SUMIF(D$20:AI$20, "CLO2", D41:AI41)/AO$7)=0,"",(SUMIF(D$20:AI$20, "CLO2", D41:AI41)/AO$7)),""),"") | AO41: =IF(AN41="","",IF(AN41>=B$10,"Y","N")) | AP41: =IF(AN41="","",IF(AN41<50%,1,IF(AND(AN41>=50%,AN41<B$10),2,IF(AN41>=B$10,3)))) | AQ41: =IF(B41<>"",IFERROR(IF((SUMIF(D$20:AI$20, "CLO3", D41:AI41)/AO$8)=0,"",(SUMIF(D$20:AI$20, "CLO3", D41:AI41)/AO$8)),""),"") | AR41: =IF(AQ41="","",IF(AQ41>=B$10,"Y","N")) | AS41: =IF(AQ41="","",IF(AQ41<50%,1,IF(AND(AQ41>=50%,AQ41<B$10),2,IF(AQ41>=B$10,3)))) | AT41: =IF(B41<>"",IFERROR(IF((SUMIF(D$20:AI$20, "CLO4", D41:AI41)/AO$9)=0,"",(SUMIF(D$20:AI$20, "CLO4", D41:AI41)/AO$9)),""),"") | AU41: =IF(AT41="","",IF(AT41>=B$10,"Y","N")) | AV41: =IF(AT41="","",IF(AT41<50%,1,IF(AND(AT41>=50%,AT41<B$10),2,IF(AT41>=B$10,3)))) | AW41: =IF(B41<>"",IFERROR(IF((SUMIF(D$20:AI$20, "CLO5", D41:AI41)/AO$10)=0,"",(SUMIF(D$20:AI$20, "CLO5", D41:AI41)/AO$10)),""),"") | AX41: =IF(AW41="","",IF(AW41>=B$10,"Y","N")) | AY41: =IF(AW41="","",IF(AW41<50%,1,IF(AND(AW41>=50%,AW41<B$10),2,IF(AW41>=B$10,3)))) | AZ41: =IF(B41<>"",IFERROR(IF((SUMIF(D$20:AI$20, "CLO6", D41:AI41)/AO$11)=0,"",(SUMIF(D$20:AI$20, "CLO6", D41:AI41)/AO$11)),""),"") | BA41: =IF(AZ41="","",IF(AZ41>=B$10,"Y","N")) | BB41: =IF(BA41="","",IF(BA41<50%,1,IF(AND(BA41>=50%,BA41<B$10),2,IF(BA41>=B$10,3)))) | BC41: =IF(B41<>"",IFERROR(IF((SUMIF(D$20:AI$20, "CLO7", D41:AI41)/AO$12)=0,"",(SUMIF(D$20:AI$20, "CLO7", D41:AI41)/AO$12)),""),"") | BD41: =IF(BC41="","",IF(BC41>=B$10,"Y","N")) | BE41: =IF(BD41="","",IF(BD41<50%,1,IF(AND(BD41>=50%,BD41<B$10),2,IF(BD41>=B$10,3)))) | BF41: =IF(B41<>"",IFERROR(IF((SUMIF(D$20:AI$20, "CLO8", D41:AI41)/AO$13)=0,"",(SUMIF(D$20:AI$20, "CLO8", D41:AI41)/AO$13)),""),"") | BG41: =IF(BF41="","",IF(BF41>=B$10,"Y","N")) | BH41: =IF(BG41="","",IF(BG41<50%,1,IF(AND(BG41>=50%,BG41<B$10),2,IF(BG41>=B$10,3)))) | BI41: =IF(B41<>"",IFERROR(IF((SUMIF(D$20:AI$20, "CLO9", D41:AI41)/AO$14)=0,"",(SUMIF(D$20:AI$20, "CLO9", D41:AI41)/AO$14)),""),"") | BJ41: =IF(BI41="","",IF(BI41>=B$10,"Y","N")) | BK41: =IF(BJ41="","",IF(BJ41<50%,1,IF(AND(BJ41>=50%,BJ41<B$10),2,IF(BJ41>=B$10,3)))) | BL41: =IF(B41<>"",IFERROR(IF((SUMIF(D$20:AI$20,"CLO10",D41:AI41)/AO$15)=0,"",(SUMIF(D$20:AI$20,"CLO10",D41:AI41)/AO$15)),""),"") | BM41: =IF(BL41="","",IF(BL41>=B$10,"Y","N")) | BN41: =IF(BM41="","",IF(BM41<50%,1,IF(AND(BM41>=50%,BM41<B$10),2,IF(BM41>=B$10,3))))
... A321: =IF(B$6="LECTURE",IF('Database (LECTURE-RES-PRAC)'!A316="","",'Database (LECTURE-RES-PRAC)'!A316),"") | B321: =IF(B$6="LECTURE",IF('Database (LECTURE-RES-PRAC)'!B316="","",'Database (LECTURE-RES-PRAC)'!B316),"") | C321: =IF(B321<>"",'Database (LECTURE-RES-PRAC)'!C316,"") | N321: =IF(B321<>"",SUM(D321:M321),"") | Y321: =IF(B321<>"",SUM(O321:X321),"") | AJ321: =IF(B321<>"",SUM(Z321:AI321),"") | AK321: =IF(B321<>"",IFERROR(IF((SUMIF(D$20:AI$20, "CLO1", D321:AI321)/AO$6)=0,"",(SUMIF(D$20:AI$20, "CLO1", D321:AI321)/AO$6)),""),"") | AL321: =IF(AK321="","",IF(AK321>=B$10,"Y","N")) | AM321: =IF(AK321="","",IF(AK321<50%,1,IF(AND(AK321>=50%,AK321<B$10),2,IF(AK321>=B$10,3)))) | AN321: =IF(B321<>"",IFERROR(IF((SUMIF(D$20:AI$20, "CLO2", D321:AI321)/AO$7)=0,"",(SUMIF(D$20:AI$20, "CLO2", D321:AI321)/AO$7)),""),"") | AO321: =IF(AN321="","",IF(AN321>=B$10,"Y","N")) | AP321: =IF(AN321="","",IF(AN321<50%,1,IF(AND(AN321>=50%,AN321<B$10),2,IF(AN321>=B$10,3)))) | AQ321: =IF(B321<>"",IFERROR(IF((SUMIF(D$20:AI$20, "CLO3", D321:AI321)/AO$8)=0,"",(SUMIF(D$20:AI$20, "CLO3", D321:AI321)/AO$8)),""),"") | AR321: =IF(AQ321="","",IF(AQ321>=B$10,"Y","N")) | AS321: =IF(AQ321="","",IF(AQ321<50%,1,IF(AND(AQ321>=50%,AQ321<B$10),2,IF(AQ321>=B$10,3)))) | AT321: =IF(B321<>"",IFERROR(IF((SUMIF(D$20:AI$20, "CLO4", D321:AI321)/AO$9)=0,"",(SUMIF(D$20:AI$20, "CLO4", D321:AI321)/AO$9)),""),"") | AU321: =IF(AT321="","",IF(AT321>=B$10,"Y","N")) | AV321: =IF(AT321="","",IF(AT321<50%,1,IF(AND(AT321>=50%,AT321<B$10),2,IF(AT321>=B$10,3)))) | AW321: =IF(B321<>"",IFERROR(IF((SUMIF(D$20:AI$20, "CLO5", D321:AI321)/AO$10)=0,"",(SUMIF(D$20:AI$20, "CLO5", D321:AI321)/AO$10)),""),"") | AX321: =IF(AW321="","",IF(AW321>=B$10,"Y","N")) | AY321: =IF(AW321="","",IF(AW321<50%,1,IF(AND(AW321>=50%,AW321<B$10),2,IF(AW321>=B$10,3)))) | AZ321: =IF(B321<>"",IFERROR(IF((SUMIF(D$20:AI$20, "CLO6", D321:AI321)/AO$11)=0,"",(SUMIF(D$20:AI$20, "CLO6", D321:AI321)/AO$11)),""),"") | BA321: =IF(AZ321="","",IF(AZ321>=B$10,"Y","N")) | BB321: =IF(BA321="","",IF(BA321<50%,1,IF(AND(BA321>=50%,BA321<B$10),2,IF(BA321>=B$10,3)))) | BC321: =IF(B321<>"",IFERROR(IF((SUMIF(D$20:AI$20, "CLO7", D321:AI321)/AO$12)=0,"",(SUMIF(D$20:AI$20, "CLO7", D321:AI321)/AO$12)),""),"") | BD321: =IF(BC321="","",IF(BC321>=B$10,"Y","N")) | BE321: =IF(BD321="","",IF(BD321<50%,1,IF(AND(BD321>=50%,BD321<B$10),2,IF(BD321>=B$10,3)))) | BF321: =IF(B321<>"",IFERROR(IF((SUMIF(D$20:AI$20, "CLO8", D321:AI321)/AO$13)=0,"",(SUMIF(D$20:AI$20, "CLO8", D321:AI321)/AO$13)),""),"") | BG321: =IF(BF321="","",IF(BF321>=B$10,"Y","N")) | BH321: =IF(BG321="","",IF(BG321<50%,1,IF(AND(BG321>=50%,BG321<B$10),2,IF(BG321>=B$10,3)))) | BI321: =IF(B321<>"",IFERROR(IF((SUMIF(D$20:AI$20, "CLO9", D321:AI321)/AO$14)=0,"",(SUMIF(D$20:AI$20, "CLO9", D321:AI321)/AO$14)),""),"") | BJ321: =IF(BI321="","",IF(BI321>=B$10,"Y","N")) | BK321: =IF(BJ321="","",IF(BJ321<50%,1,IF(AND(BJ321>=50%,BJ321<B$10),2,IF(BJ321>=B$10,3)))) | BL321: =IF(B321<>"",IFERROR(IF((SUMIF(D$20:AI$20,"CLO10",D321:AI321)/AO$15)=0,"",(SUMIF(D$20:AI$20,"CLO10",D321:AI321)/AO$15)),""),"") | BM321: =IF(BL321="","",IF(BL321>=B$10,"Y","N")) | BN321: =IF(BM321="","",IF(BM321<50%,1,IF(AND(BM321>=50%,BM321<B$10),2,IF(BM321>=B$10,3))))
A322: No. of Students who Passed | D322: =COUNTIF(D22:D321,">="&D324-1) -> 6 | E322: =COUNTIF(E22:E321,">="&E324-1) -> 0 | F322: =COUNTIF(F22:F321,">="&F324-1) -> 0 | G322: =COUNTIF(G22:G321,">="&G324-1) -> 0 | H322: =COUNTIF(H22:H321,">="&H324-1) -> 0 | I322: =COUNTIF(I22:I321,">="&I324-1) -> 0 | J322: =COUNTIF(J22:J321,">="&J324-1) -> 0 | K322: =COUNTIF(K22:K321,">="&K324-1) -> 0 | ... M322: =COUNTIF(M22:M321,">="&M324-1) -> 0 | O322: =COUNTIF(O22:O321,">="&O324-1) -> 5 | P322: =COUNTIF(P22:P321,">="&P324-1) -> 7 | Q322: =COUNTIF(Q22:Q321,">="&Q324-1) -> 0 | R322: =COUNTIF(R22:R321,">="&R324-1) -> 0 | S322: =COUNTIF(S22:S321,">="&S324-1) -> 0 | T322: =COUNTIF(T22:T321,">="&T324-1) -> 0 | U322: =COUNTIF(U22:U321,">="&U324-1) -> 0 | V322: =COUNTIF(V22:V321,">="&V324-1) -> 0 | ... X322: =COUNTIF(X22:X321,">="&X324-1) -> 0 | Z322: =COUNTIF(Z22:Z321,">="&Z324-1) -> 8 | AA322: =COUNTIF(AA22:AA321,">="&AA324-1) -> 7 | AB322: =COUNTIF(AB22:AB321,">="&AB324-1) -> 8 | AC322: =COUNTIF(AC22:AC321,">="&AC324-1) -> 0 | AD322: =COUNTIF(AD22:AD321,">="&AD324-1) -> 0 | AE322: =COUNTIF(AE22:AE321,">="&AE324-1) -> 0 | AF322: =COUNTIF(AF22:AF321,">="&AF324-1) -> 0 | AG322: =COUNTIF(AG22:AG321,">="&AG324-1) -> 0 | ... AI322: =COUNTIF(AI22:AI321,">="&AI324-1) -> 0 | AJ322: No. of students achieved CLO | AL322: =COUNTIF(AL22:AL321,"Y") -> 4 | AO322: =COUNTIF(AO22:AO321,"Y") -> 7 | AR322: =COUNTIF(AR22:AR321,"Y") -> 8 | AU322: =COUNTIF(AU22:AU321,"Y") -> 0 | AX322: =COUNTIF(AX22:AX321,"Y") -> 0 | BA322: =IFERROR(COUNTIF(BA22:BA321,"Y"),"") -> 0 | BD322: =IFERROR(COUNTIF(BD22:BD321,"Y"),"") -> 0 | BG322: =IFERROR(COUNTIF(BG22:BG321,"Y"),"") -> 0 | BJ322: =IFERROR(COUNTIF(BJ22:BJ321,"Y"),"") -> 0 | BM322: =IFERROR(COUNTIF(BM22:BM321,"Y"),"") -> 0
A323: No. of Students who Failed | D323: =COUNTIF(D22:D321,"<"&D324-1) -> 0 | E323: =COUNTIF(E22:E321,"<"&E324-1) -> 0 | F323: =COUNTIF(F22:F321,"<"&F324-1) -> 0 | G323: =COUNTIF(G22:G321,"<"&G324-1) -> 0 | H323: =COUNTIF(H22:H321,"<"&H324-1) -> 0 | I323: =COUNTIF(I22:I321,"<"&I324-1) -> 0 | J323: =COUNTIF(J22:J321,"<"&J324-1) -> 0 | K323: =COUNTIF(K22:K321,"<"&K324-1) -> 0 | ... M323: =COUNTIF(M22:M321,"<"&M324-1) -> 0 | O323: =COUNTIF(O22:O321,"<"&O324-1) -> 0 | P323: =COUNTIF(P22:P321,"<"&P324-1) -> 1 | Q323: =COUNTIF(Q22:Q321,"<"&Q324-1) -> 0 | R323: =COUNTIF(R22:R321,"<"&R324-1) -> 0 | S323: 1234 | T323: =COUNTIF(T22:T321,"<"&T324-1) -> 0 | U323: =COUNTIF(U22:U321,"<"&U324-1) -> 0 | V323: =COUNTIF(V22:V321,"<"&V324-1) -> 0 | W323: =COUNTIF(W22:W321,"<"&W324-1) -> 0 | X323: =COUNTIF(X22:X321,"<"&X324-1) -> 0 | Z323: =COUNTIF(Z22:Z321,"<"&Z324-1) -> 0 | AA323: =COUNTIF(AA22:AA321,"<"&AA324-1) -> 0 | AB323: =COUNTIF(AB22:AB321,"<"&AB324-1) -> 0 | AC323: =COUNTIF(AC22:AC321,"<"&AC324-1) -> 0 | AD323: =COUNTIF(AD22:AD321,"<"&AD324-1) -> 0 | AE323: =COUNTIF(AE22:AE321,"<"&AE324-1) -> 0 | AF323: =COUNTIF(AF22:AF321,"<"&AF324-1) -> 0 | AG323: =COUNTIF(AG22:AG321,"<"&AG324-1) -> 0 | ... AI323: =COUNTIF(AI22:AI321,"<"&AI324-1) -> 0
A324: Threshold Marks for each question | D324: =IF(D21="",0,IF(B$10=60%,((D21*0.6)+0.4),IF(B$10=65%,((D21*0.65)+0.35),IF(B$10=70%,((D21*0.7)+0.3),IF(B$10=75%,((D21*0.75)+0.25),IF(B$10=80%,((D21*0.8)+0.2))))))) -> 36.4 | E324: =IF(E21="",0,IF(B$10=60%,((E21*0.6)+0.4),IF(B$10=65%,((E21*0.65)+0.35),IF(B$10=70%,((E21*0.7)+0.3),IF(B$10=75%,((E21*0.75)+0.25),IF(B$10=80%,((E21*0.8)+0.2))))))) -> 0 | F324: =IF(F21="",0,IF(B$10=60%,((F21*0.6)+0.4),IF(B$10=65%,((F21*0.65)+0.35),IF(B$10=70%,((F21*0.7)+0.3),IF(B$10=75%,((F21*0.75)+0.25),IF(B$10=80%,((F21*0.8)+0.2))))))) -> 0 | G324: =IF(G21="",0,IF(B$10=60%,((G21*0.6)+0.4),IF(B$10=65%,((G21*0.65)+0.35),IF(B$10=70%,((G21*0.7)+0.3),IF(B$10=75%,((G21*0.75)+0.25),IF(B$10=80%,((G21*0.8)+0.2))))))) -> 0 | H324: =IF(H21="",0,IF(B$10=60%,((H21*0.6)+0.4),IF(B$10=65%,((H21*0.65)+0.35),IF(B$10=70%,((H21*0.7)+0.3),IF(B$10=75%,((H21*0.75)+0.25),IF(B$10=80%,((H21*0.8)+0.2))))))) -> 0 | I324: =IF(I21="",0,IF(B$10=60%,((I21*0.6)+0.4),IF(B$10=65%,((I21*0.65)+0.35),IF(B$10=70%,((I21*0.7)+0.3),IF(B$10=75%,((I21*0.75)+0.25),IF(B$10=80%,((I21*0.8)+0.2))))))) -> 0 | J324: =IF(J21="",0,IF(B$10=60%,((J21*0.6)+0.4),IF(B$10=65%,((J21*0.65)+0.35),IF(B$10=70%,((J21*0.7)+0.3),IF(B$10=75%,((J21*0.75)+0.25),IF(B$10=80%,((J21*0.8)+0.2))))))) -> 0 | K324: =IF(K21="",0,IF(B$10=60%,((K21*0.6)+0.4),IF(B$10=65%,((K21*0.65)+0.35),IF(B$10=70%,((K21*0.7)+0.3),IF(B$10=75%,((K21*0.75)+0.25),IF(B$10=80%,((K21*0.8)+0.2))))))) -> 0 | L324: =IF(L21="",0,IF(B$10=60%,((L21*0.6)+0.4),IF(B$10=65%,((L21*0.65)+0.35),IF(B$10=70%,((L21*0.7)+0.3),IF(B$10=75%,((L21*0.75)+0.25),IF(B$10=80%,((L21*0.8)+0.2))))))) -> 0 | M324: =IF(M21="",0,IF(B$10=60%,((M21*0.6)+0.4),IF(B$10=65%,((M21*0.65)+0.35),IF(B$10=70%,((M21*0.7)+0.3),IF(B$10=75%,((M21*0.75)+0.25),IF(B$10=80%,((M21*0.8)+0.2))))))) -> 0 | O324: =IF(O21="",0,IF(B$10=60%,((O21*0.6)+0.4),IF(B$10=65%,((O21*0.65)+0.35),IF(B$10=70%,((O21*0.7)+0.3),IF(B$10=75%,((O21*0.75)+0.25),IF(B$10=80%,((O21*0.8)+0.2))))))) -> 42.4 | P324: =IF(P21="",0,IF(B$10=60%,((P21*0.6)+0.4),IF(B$10=65%,((P21*0.65)+0.35),IF(B$10=70%,((P21*0.7)+0.3),IF(B$10=75%,((P21*0.75)+0.25),IF(B$10=80%,((P21*0.8)+0.2))))))) -> 18.4 | Q324: =IF(Q21="",0,IF(B$10=60%,((Q21*0.6)+0.4),IF(B$10=65%,((Q21*0.65)+0.35),IF(B$10=70%,((Q21*0.7)+0.3),IF(B$10=75%,((Q21*0.75)+0.25),IF(B$10=80%,((Q21*0.8)+0.2))))))) -> 0 | R324: =IF(R21="",0,IF(B$10=60%,((R21*0.6)+0.4),IF(B$10=65%,((R21*0.65)+0.35),IF(B$10=70%,((R21*0.7)+0.3),IF(B$10=75%,((R21*0.75)+0.25),IF(B$10=80%,((R21*0.8)+0.2))))))) -> 0 | S324: =IF(S21="",0,IF(B$10=60%,((S21*0.6)+0.4),IF(B$10=65%,((S21*0.65)+0.35),IF(B$10=70%,((S21*0.7)+0.3),IF(B$10=75%,((S21*0.75)+0.25),IF(B$10=80%,((S21*0.8)+0.2))))))) -> 0 | T324: =IF(T21="",0,IF(B$10=60%,((T21*0.6)+0.4),IF(B$10=65%,((T21*0.65)+0.35),IF(B$10=70%,((T21*0.7)+0.3),IF(B$10=75%,((T21*0.75)+0.25),IF(B$10=80%,((T21*0.8)+0.2))))))) -> 0 | U324: =IF(U21="",0,IF(B$10=60%,((U21*0.6)+0.4),IF(B$10=65%,((U21*0.65)+0.35),IF(B$10=70%,((U21*0.7)+0.3),IF(B$10=75%,((U21*0.75)+0.25),IF(B$10=80%,((U21*0.8)+0.2))))))) -> 0 | V324: =IF(V21="",0,IF(B$10=60%,((V21*0.6)+0.4),IF(B$10=65%,((V21*0.65)+0.35),IF(B$10=70%,((V21*0.7)+0.3),IF(B$10=75%,((V21*0.75)+0.25),IF(B$10=80%,((V21*0.8)+0.2))))))) -> 0 | W324: =IF(W21="",0,IF(B$10=60%,((W21*0.6)+0.4),IF(B$10=65%,((W21*0.65)+0.35),IF(B$10=70%,((W21*0.7)+0.3),IF(B$10=75%,((W21*0.75)+0.25),IF(B$10=80%,((W21*0.8)+0.2))))))) -> 0 | X324: =IF(X21="",0,IF(B$10=60%,((X21*0.6)+0.4),IF(B$10=65%,((X21*0.65)+0.35),IF(B$10=70%,((X21*0.7)+0.3),IF(B$10=75%,((X21*0.75)+0.25),IF(B$10=80%,((X21*0.8)+0.2))))))) -> 0 | Z324: =IF(Z21="",0,IF(B$10=60%,((Z21*0.6)+0.4),IF(B$10=65%,((Z21*0.65)+0.35),IF(B$10=70%,((Z21*0.7)+0.3),IF(B$10=75%,((Z21*0.75)+0.25),IF(B$10=80%,((Z21*0.8)+0.2))))))) -> 15.4 | AA324: =IF(AA21="",0,IF(B$10=60%,((AA21*0.6)+0.4),IF(B$10=65%,((AA21*0.65)+0.35),IF(B$10=70%,((AA21*0.7)+0.3),IF(B$10=75%,((AA21*0.75)+0.25),IF(B$10=80%,((AA21*0.8)+0.2))))))) -> 21.4 | AB324: =IF(AB21="",0,IF(B$10=60%,((AB21*0.6)+0.4),IF(B$10=65%,((AB21*0.65)+0.35),IF(B$10=70%,((AB21*0.7)+0.3),IF(B$10=75%,((AB21*0.75)+0.25),IF(B$10=80%,((AB21*0.8)+0.2))))))) -> 24.4 | AC324: =IF(AC21="",0,IF(B$10=60%,((AC21*0.6)+0.4),IF(B$10=65%,((AC21*0.65)+0.35),IF(B$10=70%,((AC21*0.7)+0.3),IF(B$10=75%,((AC21*0.75)+0.25),IF(B$10=80%,((AC21*0.8)+0.2))))))) -> 0 | AD324: =IF(AD21="",0,IF(B$10=60%,((AD21*0.6)+0.4),IF(B$10=65%,((AD21*0.65)+0.35),IF(B$10=70%,((AD21*0.7)+0.3),IF(B$10=75%,((AD21*0.75)+0.25),IF(B$10=80%,((AD21*0.8)+0.2))))))) -> 0 | AE324: =IF(AE21="",0,IF(B$10=60%,((AE21*0.6)+0.4),IF(B$10=65%,((AE21*0.65)+0.35),IF(B$10=70%,((AE21*0.7)+0.3),IF(B$10=75%,((AE21*0.75)+0.25),IF(B$10=80%,((AE21*0.8)+0.2))))))) -> 0 | AF324: =IF(AF21="",0,IF(B$10=60%,((AF21*0.6)+0.4),IF(B$10=65%,((AF21*0.65)+0.35),IF(B$10=70%,((AF21*0.7)+0.3),IF(B$10=75%,((AF21*0.75)+0.25),IF(B$10=80%,((AF21*0.8)+0.2))))))) -> 0 | AG324: =IF(AG21="",0,IF(B$10=60%,((AG21*0.6)+0.4),IF(B$10=65%,((AG21*0.65)+0.35),IF(B$10=70%,((AG21*0.7)+0.3),IF(B$10=75%,((AG21*0.75)+0.25),IF(B$10=80%,((AG21*0.8)+0.2))))))) -> 0 | AH324: =IF(AH21="",0,IF(B$10=60%,((AH21*0.6)+0.4),IF(B$10=65%,((AH21*0.65)+0.35),IF(B$10=70%,((AH21*0.7)+0.3),IF(B$10=75%,((AH21*0.75)+0.25),IF(B$10=80%,((AH21*0.8)+0.2))))))) -> 0 | AI324: =IF(AI21="",0,IF(B$10=60%,((AI21*0.6)+0.4),IF(B$10=65%,((AI21*0.65)+0.35),IF(B$10=70%,((AI21*0.7)+0.3),IF(B$10=75%,((AI21*0.75)+0.25),IF(B$10=80%,((AI21*0.8)+0.2))))))) -> 0 | AJ324: % students achieved CLO | AL324: =IFERROR(AL322/B$8,0) -> 0.5 | AM324: =IFERROR(AVERAGE(AM22:AM31),"") -> 2.125 | AO324: =IFERROR(AO322/B$8,0) -> 0.875 | AP324: =IFERROR(AVERAGE(AP22:AP31),"") -> 2.75 | AR324: =IFERROR(AR322/B$8,0) -> 1 | AS324: =IFERROR(AVERAGE(AS22:AS31),"") -> 3 | AU324: =IFERROR(AU322/B$8,0) -> 0 | AV324: =IFERROR(AVERAGE(AV22:AV31),"") | AX324: =IFERROR(AX322/B$8,0) -> 0 | AY324: =IFERROR(AVERAGE(AY22:AY31),"") | BA324: =IFERROR(BA322/B8,0) -> 0 | BB324: =IFERROR(AVERAGE(BB22:BB321),"") | BD324: =IFERROR(BD322/B8,0) -> 0 | BE324: =IFERROR(AVERAGE(BE22:BE321),"") | BG324: =IFERROR(BG322/B8,0) -> 0 | BH324: =IFERROR(AVERAGE(BH22:BH321),"") | BJ324: =IFERROR(BJ322/B8,0) -> 0 | BK324: =IFERROR(AVERAGE(BK22:BK321),"") | BM324: =IFERROR(BM322/B8,0) -> 0 | BN324: =IFERROR(AVERAGE(BN22:BN321),"")
A325: No. of Students who got >60% | D325: =COUNTIF(D22:D321,">"&D324) -> 6 | E325: =COUNTIF(E22:E321,">"&E324) -> 0 | F325: =COUNTIF(F22:F321,">"&F324) -> 0 | G325: =COUNTIF(G22:G321,">"&G324) -> 0 | H325: =COUNTIF(H22:H321,">"&H324) -> 0 | I325: =COUNTIF(I22:I321,">"&I324) -> 0 | J325: =COUNTIF(J22:J321,">"&J324) -> 0 | K325: =COUNTIF(K22:K321,">"&K324) -> 0 | ... M325: =COUNTIF(M22:M321,">"&M324) -> 0 | O325: =COUNTIF(O22:O321,">"&O324) -> 5 | P325: =COUNTIF(P22:P321,">"&P324) -> 7 | Q325: =COUNTIF(Q22:Q321,">"&Q324) -> 0 | R325: =COUNTIF(R22:R321,">"&R324) -> 0 | S325: =COUNTIF(S22:S321,">"&S324) -> 0 | T325: =COUNTIF(T22:T321,">"&T324) -> 0 | U325: =COUNTIF(U22:U321,">"&U324) -> 0 | V325: =COUNTIF(V22:V321,">"&V324) -> 0 | ... X325: =COUNTIF(X22:X321,">"&X324) -> 0 | Z325: =COUNTIF(Z22:Z321,">"&Z324) -> 7 | AA325: =COUNTIF(AA22:AA321,">"&AA324) -> 7 | AB325: =COUNTIF(AB22:AB321,">"&AB324) -> 8 | AC325: =COUNTIF(AC22:AC321,">"&AC324) -> 0 | AD325: =COUNTIF(AD22:AD321,">"&AD324) -> 0 | AE325: =COUNTIF(AE22:AE321,">"&AE324) -> 0 | AF325: =COUNTIF(AF22:AF321,">"&AF324) -> 0 | AG325: =COUNTIF(AG22:AG321,">"&AG324) -> 0 | ... AI325: =COUNTIF(AI22:AI321,">"&AI324) -> 0 | AJ325: CLO Results | AL325: =IFERROR(IF(AL324>=B$10,"Y","N"),"") -> N | AO325: =IFERROR(IF(AO324>=B$10,"Y","N"),"") -> Y | AR325: =IFERROR(IF(AR324>=B$10,"Y","N"),"") -> Y | AU325: =IFERROR(IF(AU324>=B$10,"Y","N"),"") -> N | AX325: =IFERROR(IF(AX324>=B$10,"Y","N"),"") -> N | BA325: =IFERROR(IF(BA324>=B$10,"Y","N"),"") -> N | BD325: =IFERROR(IF(BD324>=B$10,"Y","N"),"") -> N | BG325: =IFERROR(IF(BG324>=B$10,"Y","N"),"") -> N | BJ325: =IFERROR(IF(BJ324>=B$10,"Y","N"),"") -> N | BM325: =IFERROR(IF(BM324>=B$10,"Y","N"),"") -> N
A326: Percentage of Students who Passed | D326: =IFERROR(D322/COUNT(D22:D321),"") -> 1 | E326: =IFERROR(E322/COUNT(E22:E321),"") | F326: =IFERROR(F322/COUNT(F22:F321),"") | G326: =IFERROR(G322/COUNT(G22:G321),"") | H326: =IFERROR(H322/COUNT(H22:H321),"") | I326: =IFERROR(I322/COUNT(I22:I321),"") | J326: =IFERROR(J322/COUNT(J22:J321),"") | K326: =IFERROR(K322/COUNT(K22:K321),"") | ... M326: =IFERROR(M322/COUNT(M22:M321),"") | O326: =IFERROR(O322/COUNT(O22:O321),"") -> 1 | P326: =IFERROR(P322/COUNT(P22:P321),"") -> 0.875 | Q326: =IFERROR(Q322/COUNT(Q22:Q321),"") | R326: =IFERROR(R322/COUNT(R22:R321),"") | S326: =IFERROR(S322/COUNT(S22:S321),"") | T326: =IFERROR(T322/COUNT(T22:T321),"") | U326: =IFERROR(U322/COUNT(U22:U321),"") | V326: =IFERROR(V322/COUNT(V22:V321),"") | ... X326: =IFERROR(X322/COUNT(X22:X321),"") | Z326: =IFERROR(Z322/COUNT(Z22:Z321),"") -> 1 | AA326: =IFERROR(AA322/COUNT(AA22:AA321),"") -> 1 | AB326: =IFERROR(AB322/COUNT(AB22:AB321),"") -> 1 | AC326: =IFERROR(AC322/COUNT(AC22:AC321),"") | AD326: =IFERROR(AD322/COUNT(AD22:AD321),"") | AE326: =IFERROR(AE322/COUNT(AE22:AE321),"") | AF326: =IFERROR(AF322/COUNT(AF22:AF321),"") | AG326: =IFERROR(AG322/COUNT(AG22:AG321),"") | ... AI326: =IFERROR(AI322/COUNT(AI22:AI321),"")

Sheet OUTPUT
A1: CLO-PLO ATTAINMENT SYSTEM
AQ2: CLO Met Criteria
A3: Semester & Year: | B3: =IF('Database (LECTURE-RES-PRAC)'!B3=0,"",'Database (LECTURE-RES-PRAC)'!B3) -> SECOND SEMESTER SY 2024-2025 | BQ3: CLO1
A4: Course Code: | B4: =IF('Database (LECTURE-RES-PRAC)'!B4=0,"",'Database (LECTURE-RES-PRAC)'!B4) -> CONLAW1 | AK4: CLO-Question Matrix (EXAM) | AQ4: If CLO Marks (%)>=threshold | AT4: Y | BQ4: CLO2
A5: Course Title: | B5: =IF('Database (LECTURE-RES-PRAC)'!B5=0,"",'Database (LECTURE-RES-PRAC)'!B5) -> Constitutional Law I | AL5: Prelim | AM5: Midterm | AN5: Final | AO5: Total | AQ5: If CLO Marks (%)<threshold | AT5: N | BQ5: CLO3
A6: Course Type: | B6: =IF(COVERPAGE!S6="PRACTICUM",COVERPAGE!S6,IF(COVERPAGE!S6="RESEARCH",COVERPAGE!S6,IF(COVERPAGE!S6="STUDENT FORMATION",COVERPAGE!S6,""))) | AK6: CLO1 | AL6: =SUMIF(D$20:M$20, "CLO1", D$21:M$21) -> 50 | AM6: =SUMIF(O$20:X$20, "CLO1", O$21:X$21) -> 0 | AN6: =SUMIF(Z$20:AI$20, "CLO1", Z$21:AI$21) -> 0 | AO6: =IF(SUM(AL6:AN6)=0,"",SUM(AL6:AN6)) -> 50 | BQ6: CLO4
A7: Section: | B7: =IF('Database (LECTURE-RES-PRAC)'!B7=0,"",'Database (LECTURE-RES-PRAC)'!B7) | AK7: CLO2 | AL7: =SUMIF(D$20:M$20, "CLO2", D$21:M$21) -> 0 | AM7: =SUMIF(O$20:X$20, "CLO2", O$21:X$21) -> 0 | AN7: =SUMIF(Z$20:AI$20, "CLO2", Z$21:AI$21) -> 0 | AO7: =IF(SUM(AL7:AN7)=0,"",SUM(AL7:AN7)) | AQ7: Met Level Criteria | BQ7: CLO5
A8: No. of Students: | B8: =IF('Database (LECTURE-RES-PRAC)'!B8=0,"",'Database (LECTURE-RES-PRAC)'!B8) -> 8 | AK8: CLO3 | AL8: =SUMIF(D$20:M$20, "CLO3", D$21:M$21) -> 0 | AM8: =SUMIF(O$20:X$20, "CLO3", O$21:X$21) -> 0 | AN8: =SUMIF(Z$20:AI$20, "CLO3", Z$21:AI$21) -> 0 | AO8: =IF(SUM(AL8:AN8)=0,"",SUM(AL8:AN8)) | AQ8: 1 | AR8: Low | AS8: students attained <50% threshold | BA8: CO1 | BQ8: CLO6
A9: Instructor's Initial | B9: =IF('Database (LECTURE-RES-PRAC)'!B9=0,"",'Database (LECTURE-RES-PRAC)'!B9) | AK9: CLO4 | AL9: =SUMIF(D$20:M$20, "CLO4", D$21:M$21) -> 0 | AM9: =SUMIF(O$20:X$20, "CLO4", O$21:X$21) -> 0 | AN9: =SUMIF(Z$20:AI$20, "CLO4", Z$21:AI$21) -> 0 | AO9: =IF(SUM(AL9:AN9)=0,"",SUM(AL9:AN9)) | AQ9: 2 | AR9: Moderate | AS9: students attained >=50%<threshold | BA9: CO2 | BQ9: CLO7
A10: Threshold: | B10: =IF('Database (LECTURE-RES-PRAC)'!B10=0,"",'Database (LECTURE-RES-PRAC)'!B10) -> 0.6 | AK10: CLO5 | AL10: =SUMIF(D$20:M$20, "CLO5", D$21:M$21) -> 0 | AM10: =SUMIF(O$20:X$20, "CLO5", O$21:X$21) -> 0 | AN10: =SUMIF(Z$20:AI$20, "CLO5", Z$21:AI$21) -> 0 | AO10: =IF(SUM(AL10:AN10)=0,"",SUM(AL10:AN10)) | AQ10: 3 | AR10: High | AS10: students attained >= threshold | BA10: CO3 | BQ10: CLO8
AK11: CLO6 | AL11: =SUMIF(D$20:M$20, "CLO6", D$21:M$21) -> 0 | AM11: =SUMIF(O$20:X$20, "CLO6", O$21:X$21) -> 0 | AN11: =SUMIF(Z$20:AI$20, "CLO6", Z$21:AI$21) -> 0 | AO11: =IF(SUM(AL11:AN11)=0,"",SUM(AL11:AN11)) | BA11: CO4 | BQ11: CLO9
AK12: CLO7 | AL12: =SUMIF(D$20:M$20, "CLO7", D$21:M$21) -> 0 | AM12: =SUMIF(O$20:X$20, "CLO7", O$21:X$21) -> 0 | AN12: =SUMIF(Z$20:AI$20, "CLO7", Z$21:AI$21) -> 0 | AO12: =IF(SUM(AL12:AN12)=0,"",SUM(AL12:AN12)) | BA12: CO5 | BQ12: CLO10
AK13: CLO8 | AL13: =SUMIF(D$20:M$20, "CLO8", D$21:M$21) -> 0 | AM13: =SUMIF(O$20:X$20, "CLO8", O$21:X$21) -> 0 | AN13: =SUMIF(Z$20:AI$20, "CLO8", Z$21:AI$21) -> 0 | AO13: =IF(SUM(AL13:AN13)=0,"",SUM(AL13:AN13)) | BA13: CO6
AK14: CLO9 | AL14: =SUMIF(D$20:M$20, "CLO9", D$21:M$21) -> 0 | AM14: =SUMIF(O$20:X$20, "CLO9", O$21:X$21) -> 0 | AN14: =SUMIF(Z$20:AI$20, "CLO9", Z$21:AI$21) -> 0 | AO14: =IF(SUM(AL14:AN14)=0,"",SUM(AL14:AN14)) | BA14: CO7
AK15: CLO10 | AL15: =SUMIF(D$20:M$20, "CLO10", D$21:M$21) -> 0 | AM15: =SUMIF(O$20:X$20, "CLO10", O$21:X$21) -> 0 | AN15: =SUMIF(Z$20:AI$20, "CLO10", Z$21:AI$21) -> 0 | AO15: =IF(SUM(AL15:AN15)=0,"",SUM(AL15:AN15)) | BA15: CO8
BA16: CO9
A17: *Student ID and Student Names are autofill from Database Sheet | D17: PRELIM | O17: MIDTERM | Z17: FINAL
A18: STUDENT ID | B18: STUDENT NAME | N18: TOTAL MARKS | Y18: TOTAL MARKS | AJ18: TOTAL | AK18: CLO Attainments | AZ18: CLO6 Marks (%) | BA18: CLO6 Met (Y/N) | BB18: CLO LEVEL | BC18: CLO7 Marks (%) | BD18: CLO7 Met (Y/N) | BE18: CLO LEVEL | BF18: CLO8 Marks (%) | BG18: CLO8 Met (Y/N) | BH18: CLO LEVEL | BI18: CLO9 Marks (%) | BJ18: CLO9 Met (Y/N) | BK18: CLO LEVEL | BL18: CLO10 Marks (%) | BM18: CLO10 Met (Y/N) | BN18: CLO LEVEL
C19: Activity Name | D19: portfolio | N19: MARKS | Y19: MARKS | AJ19: MARKS | AK19: CLO1 Marks (%) | AL19: CLO1 Met (Y/N) | AM19: CLO LEVEL | AN19: CLO2 Marks (%) | AO19: CLO2 Met (Y/N) | AP19: CLO LEVEL | AQ19: CLO3 Marks (%) | AR19: CLO3 Met (Y/N) | AS19: CLO LEVEL | AT19: CLO4 Marks (%) | AU19: CLO4 Met (Y/N) | AV19: CLO LEVEL | AW19: CLO5 Marks (%) | AX19: CLO5 Met (Y/N) | AY19: CLO LEVEL
C20: CLO | D20: CLO1 | E20: CLO2 | O20: CLO2 | Z20: CLO1
C21: MAX MARK ➡️ | D21: 50 | N21: =IF(SUM(D21:M21)=0,0,SUM(D21:M21)) -> 50 | Y21: =IF(SUM(O21:X21)=0,"",SUM(O21:X21)) | AJ21: =IF(SUM(Z21:AI21)=0,"",SUM(Z21:AI21))
A22: =IF(A$6="LECTURE","",IF('Database (LECTURE-RES-PRAC)'!A17="","",'Database (LECTURE-RES-PRAC)'!A17)) | B22: =IF(B$6="LECTURE","",IF('Database (LECTURE-RES-PRAC)'!B17="","",'Database (LECTURE-RES-PRAC)'!B17)) -> trinidad, isabel | C22: =IF(C$6="LECTURE","",IF('Database (LECTURE-RES-PRAC)'!C17="","",'Database (LECTURE-RES-PRAC)'!C17)) -> bsmt | N22: =IF(B22<>"",SUM(D22:M22),"") -> 0 | Y22: =IF(B22<>"",SUM(O22:X22),"") -> 0 | AJ22: =IF(B22<>"",SUM(Z22:AI22),"") -> 0 | AK22: =IF(B22<>"",IFERROR(IF((SUMIF(D$20:AI$20, "CLO1", D22:AI22)/AO$6)=0,"",(SUMIF(D$20:AI$20, "CLO1", D22:AI22)/AO$6)),""),"") | AL22: =IF(AK22="","",IF(AK22>=B$10,"Y","N")) | AM22: =IF(AK22="","",IF(AK22<50%,1,IF(AND(AK22>=50%,AK22<B$10),2,IF(AK22>=B$10,3)))) | AN22: =IF(B22<>"",IFERROR(IF((SUMIF(D$20:AI$20, "CLO2", D22:AI22)/AO$7)=0,"",(SUMIF(D$20:AI$20, "CLO2", D22:AI22)/AO$7)),""),"") | AO22: =IF(AN22="","",IF(AN22>=B$10,"Y","N")) | AP22: =IF(AN22="","",IF(AN22<50%,1,IF(AND(AN22>=50%,AN22<B$10),2,IF(AN22>=B$10,3)))) | AQ22: =IF(B22<>"",IFERROR(IF((SUMIF(D$20:AI$20, "CLO3", D22:AI22)/AO$8)=0,"",(SUMIF(D$20:AI$20, "CLO3", D22:AI22)/AO$8)),""),"") | AR22: =IF(AQ22="","",IF(AQ22>=B$10,"Y","N")) | AS22: =IF(AQ22="","",IF(AQ22<50%,1,IF(AND(AQ22>=50%,AQ22<B$10),2,IF(AQ22>=B$10,3)))) | AT22: =IF(B22<>"",IFERROR(IF((SUMIF(D$20:AI$20, "CLO4", D22:AI22)/AO$9)=0,"",(SUMIF(D$20:AI$20, "CLO4", D22:AI22)/AO$9)),""),"") | AU22: =IF(AT22="","",IF(AT22>=B$10,"Y","N")) | AV22: =IF(AT22="","",IF(AT22<50%,1,IF(AND(AT22>=50%,AT22<B$10),2,IF(AT22>=B$10,3)))) | AW22: =IF(B22<>"",IFERROR(IF((SUMIF(D$20:AI$20, "CLO5", D22:AI22)/AO$10)=0,"",(SUMIF(D$20:AI$20, "CLO5", D22:AI22)/AO$10)),""),"") | AX22: =IF(AW22="","",IF(AW22>=B$10,"Y","N")) | AY22: =IF(AW22="","",IF(AW22<50%,1,IF(AND(AW22>=50%,AW22<B$10),2,IF(AW22>=B$10,3)))) | AZ22: =IF(B22<>"",IFERROR(IF((SUMIF(D$20:AI$20, "CLO6", D22:AI22)/AO$11)=0,"",(SUMIF(D$20:AI$20, "CLO6", D22:AI22)/AO$11)),""),"") | BA22: =IF(AZ22="","",IF(AZ22>=B$10,"Y","N")) | BB22: =IF(BA22="","",IF(BA22<50%,1,IF(AND(BA22>=50%,BA22<B$10),2,IF(BA22>=B$10,3)))) | BC22: =IF(B22<>"",IFERROR(IF((SUMIF(D$20:AI$20, "CLO7", D22:AI22)/AO$12)=0,"",(SUMIF(D$20:AI$20, "CLO7", D22:AI22)/AO$12)),""),"") | BD22: =IF(BC22="","",IF(BC22>=B$10,"Y","N")) | BE22: =IF(BD22="","",IF(BD22<50%,1,IF(AND(BD22>=50%,BD22<B$10),2,IF(BD22>=B$10,3)))) | BF22: =IF(B22<>"",IFERROR(IF((SUMIF(D$20:AI$20, "CLO8", D22:AI22)/AO$13)=0,"",(SUMIF(D$20:AI$20, "CLO8", D22:AI22)/AO$13)),""),"") | BG22: =IF(BF22="","",IF(BF22>=B$10,"Y","N")) | BH22: =IF(BG22="","",IF(BG22<50%,1,IF(AND(BG22>=50%,BG22<B$10),2,IF(BG22>=B$10,3)))) | BI22: =IF(B22<>"",IFERROR(IF((SUMIF(D$20:AI$20, "CLO9", D22:AI22)/AO$14)=0,"",(SUMIF(D$20:AI$20, "CLO9", D22:AI22)/AO$14)),""),"") | BJ22: =IF(BI22="","",IF(BI22>=B$10,"Y","N")) | BK22: =IF(BJ22="","",IF(BJ22<50%,1,IF(AND(BJ22>=50%,BJ22<B$10),2,IF(BJ22>=B$10,3)))) | BL22: =IF(B22<>"",IFERROR(IF((SUMIF(D$20:AI$20,"CLO10",D22:AI22)/AO$15)=0,"",(SUMIF(D$20:AI$20,"CLO10",D22:AI22)/AO$15)),""),"") | BM22: =IF(BL22="","",IF(BL22>=B$10,"Y","N")) | BN22: =IF(BM22="","",IF(BM22<50%,1,IF(AND(BM22>=50%,BM22<B$10),2,IF(BM22>=B$10,3))))
A23: =IF(A$6="LECTURE","",IF('Database (LECTURE-RES-PRAC)'!A18="","",'Database (LECTURE-RES-PRAC)'!A18)) | B23: =IF(B$6="LECTURE","",IF('Database (LECTURE-RES-PRAC)'!B18="","",'Database (LECTURE-RES-PRAC)'!B18)) -> guevarra, marco | C23: =IF(C$6="LECTURE","",IF('Database (LECTURE-RES-PRAC)'!C18="","",'Database (LECTURE-RES-PRAC)'!C18)) | D23: 48 | N23: =IF(B23<>"",SUM(D23:M23),"") -> 48 | Y23: =IF(B23<>"",SUM(O23:X23),"") -> 0 | AJ23: =IF(B23<>"",SUM(Z23:AI23),"") -> 0 | AK23: =IF(B23<>"",IFERROR(IF((SUMIF(D$20:AI$20, "CLO1", D23:AI23)/AO$6)=0,"",(SUMIF(D$20:AI$20, "CLO1", D23:AI23)/AO$6)),""),"") -> 0.96 | AL23: =IF(AK23="","",IF(AK23>=B$10,"Y","N")) -> Y | AM23: =IF(AK23="","",IF(AK23<50%,1,IF(AND(AK23>=50%,AK23<B$10),2,IF(AK23>=B$10,3)))) -> 3 | AN23: =IF(B23<>"",IFERROR(IF((SUMIF(D$20:AI$20, "CLO2", D23:AI23)/AO$7)=0,"",(SUMIF(D$20:AI$20, "CLO2", D23:AI23)/AO$7)),""),"") | AO23: =IF(AN23="","",IF(AN23>=B$10,"Y","N")) | AP23: =IF(AN23="","",IF(AN23<50%,1,IF(AND(AN23>=50%,AN23<B$10),2,IF(AN23>=B$10,3)))) | AQ23: =IF(B23<>"",IFERROR(IF((SUMIF(D$20:AI$20, "CLO3", D23:AI23)/AO$8)=0,"",(SUMIF(D$20:AI$20, "CLO3", D23:AI23)/AO$8)),""),"") | AR23: =IF(AQ23="","",IF(AQ23>=B$10,"Y","N")) | AS23: =IF(AQ23="","",IF(AQ23<50%,1,IF(AND(AQ23>=50%,AQ23<B$10),2,IF(AQ23>=B$10,3)))) | AT23: =IF(B23<>"",IFERROR(IF((SUMIF(D$20:AI$20, "CLO4", D23:AI23)/AO$9)=0,"",(SUMIF(D$20:AI$20, "CLO4", D23:AI23)/AO$9)),""),"") | AU23: =IF(AT23="","",IF(AT23>=B$10,"Y","N")) | AV23: =IF(AT23="","",IF(AT23<50%,1,IF(AND(AT23>=50%,AT23<B$10),2,IF(AT23>=B$10,3)))) | AW23: =IF(B23<>"",IFERROR(IF((SUMIF(D$20:AI$20, "CLO5", D23:AI23)/AO$10)=0,"",(SUMIF(D$20:AI$20, "CLO5", D23:AI23)/AO$10)),""),"") | AX23: =IF(AW23="","",IF(AW23>=B$10,"Y","N")) | AY23: =IF(AW23="","",IF(AW23<50%,1,IF(AND(AW23>=50%,AW23<B$10),2,IF(AW23>=B$10,3)))) | AZ23: =IF(B23<>"",IFERROR(IF((SUMIF(D$20:AI$20, "CLO6", D23:AI23)/AO$11)=0,"",(SUMIF(D$20:AI$20, "CLO6", D23:AI23)/AO$11)),""),"") | BA23: =IF(AZ23="","",IF(AZ23>=B$10,"Y","N")) | BB23: =IF(BA23="","",IF(BA23<50%,1,IF(AND(BA23>=50%,BA23<B$10),2,IF(BA23>=B$10,3)))) | BC23: =IF(B23<>"",IFERROR(IF((SUMIF(D$20:AI$20, "CLO7", D23:AI23)/AO$12)=0,"",(SUMIF(D$20:AI$20, "CLO7", D23:AI23)/AO$12)),""),"") | BD23: =IF(BC23="","",IF(BC23>=B$10,"Y","N")) | BE23: =IF(BD23="","",IF(BD23<50%,1,IF(AND(BD23>=50%,BD23<B$10),2,IF(BD23>=B$10,3)))) | BF23: =IF(B23<>"",IFERROR(IF((SUMIF(D$20:AI$20, "CLO8", D23:AI23)/AO$13)=0,"",(SUMIF(D$20:AI$20, "CLO8", D23:AI23)/AO$13)),""),"") | BG23: =IF(BF23="","",IF(BF23>=B$10,"Y","N")) | BH23: =IF(BG23="","",IF(BG23<50%,1,IF(AND(BG23>=50%,BG23<B$10),2,IF(BG23>=B$10,3)))) | BI23: =IF(B23<>"",IFERROR(IF((SUMIF(D$20:AI$20, "CLO9", D23:AI23)/AO$14)=0,"",(SUMIF(D$20:AI$20, "CLO9", D23:AI23)/AO$14)),""),"") | BJ23: =IF(BI23="","",IF(BI23>=B$10,"Y","N")) | BK23: =IF(BJ23="","",IF(BJ23<50%,1,IF(AND(BJ23>=50%,BJ23<B$10),2,IF(BJ23>=B$10,3)))) | BL23: =IF(B23<>"",IFERROR(IF((SUMIF(D$20:AI$20,"CLO10",D23:AI23)/AO$15)=0,"",(SUMIF(D$20:AI$20,"CLO10",D23:AI23)/AO$15)),""),"") | BM23: =IF(BL23="","",IF(BL23>=B$10,"Y","N")) | BN23: =IF(BM23="","",IF(BM23<50%,1,IF(AND(BM23>=50%,BM23<B$10),2,IF(BM23>=B$10,3))))
A24: =IF(A$6="LECTURE","",IF('Database (LECTURE-RES-PRAC)'!A19="","",'Database (LECTURE-RES-PRAC)'!A19)) | B24: =IF(B$6="LECTURE","",IF('Database (LECTURE-RES-PRAC)'!B19="","",'Database (LECTURE-RES-PRAC)'!B19)) -> lim, patricia | C24: =IF(C$6="LECTURE","",IF('Database (LECTURE-RES-PRAC)'!C19="","",'Database (LECTURE-RES-PRAC)'!C19)) | D24: 38 | N24: =IF(B24<>"",SUM(D24:M24),"") -> 38 | Y24: =IF(B24<>"",SUM(O24:X24),"") -> 0 | AJ24: =IF(B24<>"",SUM(Z24:AI24),"") -> 0 | AK24: =IF(B24<>"",IFERROR(IF((SUMIF(D$20:AI$20, "CLO1", D24:AI24)/AO$6)=0,"",(SUMIF(D$20:AI$20, "CLO1", D24:AI24)/AO$6)),""),"") -> 0.76 | AL24: =IF(AK24="","",IF(AK24>=B$10,"Y","N")) -> Y | AM24: =IF(AK24="","",IF(AK24<50%,1,IF(AND(AK24>=50%,AK24<B$10),2,IF(AK24>=B$10,3)))) -> 3 | AN24: =IF(B24<>"",IFERROR(IF((SUMIF(D$20:AI$20, "CLO2", D24:AI24)/AO$7)=0,"",(SUMIF(D$20:AI$20, "CLO2", D24:AI24)/AO$7)),""),"") | AO24: =IF(AN24="","",IF(AN24>=B$10,"Y","N")) | AP24: =IF(AN24="","",IF(AN24<50%,1,IF(AND(AN24>=50%,AN24<B$10),2,IF(AN24>=B$10,3)))) | AQ24: =IF(B24<>"",IFERROR(IF((SUMIF(D$20:AI$20, "CLO3", D24:AI24)/AO$8)=0,"",(SUMIF(D$20:AI$20, "CLO3", D24:AI24)/AO$8)),""),"") | AR24: =IF(AQ24="","",IF(AQ24>=B$10,"Y","N")) | AS24: =IF(AQ24="","",IF(AQ24<50%,1,IF(AND(AQ24>=50%,AQ24<B$10),2,IF(AQ24>=B$10,3)))) | AT24: =IF(B24<>"",IFERROR(IF((SUMIF(D$20:AI$20, "CLO4", D24:AI24)/AO$9)=0,"",(SUMIF(D$20:AI$20, "CLO4", D24:AI24)/AO$9)),""),"") | AU24: =IF(AT24="","",IF(AT24>=B$10,"Y","N")) | AV24: =IF(AT24="","",IF(AT24<50%,1,IF(AND(AT24>=50%,AT24<B$10),2,IF(AT24>=B$10,3)))) | AW24: =IF(B24<>"",IFERROR(IF((SUMIF(D$20:AI$20, "CLO5", D24:AI24)/AO$10)=0,"",(SUMIF(D$20:AI$20, "CLO5", D24:AI24)/AO$10)),""),"") | AX24: =IF(AW24="","",IF(AW24>=B$10,"Y","N")) | AY24: =IF(AW24="","",IF(AW24<50%,1,IF(AND(AW24>=50%,AW24<B$10),2,IF(AW24>=B$10,3)))) | AZ24: =IF(B24<>"",IFERROR(IF((SUMIF(D$20:AI$20, "CLO6", D24:AI24)/AO$11)=0,"",(SUMIF(D$20:AI$20, "CLO6", D24:AI24)/AO$11)),""),"") | BA24: =IF(AZ24="","",IF(AZ24>=B$10,"Y","N")) | BB24: =IF(BA24="","",IF(BA24<50%,1,IF(AND(BA24>=50%,BA24<B$10),2,IF(BA24>=B$10,3)))) | BC24: =IF(B24<>"",IFERROR(IF((SUMIF(D$20:AI$20, "CLO7", D24:AI24)/AO$12)=0,"",(SUMIF(D$20:AI$20, "CLO7", D24:AI24)/AO$12)),""),"") | BD24: =IF(BC24="","",IF(BC24>=B$10,"Y","N")) | BE24: =IF(BD24="","",IF(BD24<50%,1,IF(AND(BD24>=50%,BD24<B$10),2,IF(BD24>=B$10,3)))) | BF24: =IF(B24<>"",IFERROR(IF((SUMIF(D$20:AI$20, "CLO8", D24:AI24)/AO$13)=0,"",(SUMIF(D$20:AI$20, "CLO8", D24:AI24)/AO$13)),""),"") | BG24: =IF(BF24="","",IF(BF24>=B$10,"Y","N")) | BH24: =IF(BG24="","",IF(BG24<50%,1,IF(AND(BG24>=50%,BG24<B$10),2,IF(BG24>=B$10,3)))) | BI24: =IF(B24<>"",IFERROR(IF((SUMIF(D$20:AI$20, "CLO9", D24:AI24)/AO$14)=0,"",(SUMIF(D$20:AI$20, "CLO9", D24:AI24)/AO$14)),""),"") | BJ24: =IF(BI24="","",IF(BI24>=B$10,"Y","N")) | BK24: =IF(BJ24="","",IF(BJ24<50%,1,IF(AND(BJ24>=50%,BJ24<B$10),2,IF(BJ24>=B$10,3)))) | BL24: =IF(B24<>"",IFERROR(IF((SUMIF(D$20:AI$20,"CLO10",D24:AI24)/AO$15)=0,"",(SUMIF(D$20:AI$20,"CLO10",D24:AI24)/AO$15)),""),"") | BM24: =IF(BL24="","",IF(BL24>=B$10,"Y","N")) | BN24: =IF(BM24="","",IF(BM24<50%,1,IF(AND(BM24>=50%,BM24<B$10),2,IF(BM24>=B$10,3))))
