Workbook

Sheet Dashboard
A1: OBELISK — CLO ATTAINMENT DASHBOARD (SYSTEM FETCH TARGET)
A2: This is the ONLY tab OBELISK reads. All values below are computed live from 'Direct CLO' and 'Indirect CLO'. Do not edit this tab directly.
A4: Course Code | B4: TEST-101
A5: Course Title | B5: Synthetic Test Course
A6: Section | B6: A
A7: Instructor Name | B7: Test Instructor
A8: A.Y. / Semester | B8: 2026-2027, 1st Sem
A9: Grading System | B9: Numeric
A10: Institutional Threshold | B10: 0.7
A13: CLO Code | B13: Direct Attainment % | C13: Indirect Attainment % | D13: Composite (70/30) % | E13: Met Threshold (>=70%) | F13: CLO Level
A14: CLO1 | B14: ='Direct CLO'!I11 -> 82.333333 | C14: ='Indirect CLO'!C12 -> 56 | D14: =B14*0.7+C14*0.3 -> 74.433333 | E14: =IF(D14>=$B$10*100,"MET","NOT MET") -> MET | F14: =IF(D14>=85,"Exceptional",IF(D14>=70,"Proficient",IF(D14>=60,"Basic","Below Basic"))) -> Proficient
A15: CLO2 | B15: ='Direct CLO'!P11 -> 80 | C15: ='Indirect CLO'!E12 -> 68 | D15: =B15*0.7+C15*0.3 -> 76.4 | E15: =IF(D15>=$B$10*100,"MET","NOT MET") -> MET | F15: =IF(D15>=85,"Exceptional",IF(D15>=70,"Proficient",IF(D15>=60,"Basic","Below Basic"))) -> Proficient
A16: CLO3 | B16: ='Direct CLO'!W11 -> 77.666667 | C16: ='Indirect CLO'!G12 -> 80 | D16: =B16*0.7+C16*0.3 -> 78.366667 | E16: =IF(D16>=$B$10*100,"MET","NOT MET") -> MET | F16: =IF(D16>=85,"Exceptional",IF(D16>=70,"Proficient",IF(D16>=60,"Basic","Below Basic"))) -> Proficient
A17: CLO4 | B17: ='Direct CLO'!AD11 -> 77 | C17: ='Indirect CLO'!I12 -> 84 | D17: =B17*0.7+C17*0.3 -> 79.1 | E17: =IF(D17>=$B$10*100,"MET","NOT MET") -> MET | F17: =IF(D17>=85,"Exceptional",IF(D17>=70,"Proficient",IF(D17>=60,"Basic","Below Basic"))) -> Proficient
A18: CLO5 | B18: ='Direct CLO'!AK11 -> 77.333333 | C18: ='Indirect CLO'!K12 -> 76 | D18: =B18*0.7+C18*0.3 -> 76.933333 | E18: =IF(D18>=$B$10*100,"MET","NOT MET") -> MET | F18: =IF(D18>=85,"Exceptional",IF(D18>=70,"Proficient",IF(D18>=60,"Basic","Below Basic"))) -> Proficient
A19: COURSE AVERAGE | B19: =AVERAGE(B14:B18) -> 78.866667 | C19: =AVERAGE(C14:C18) -> 72.8 | D19: =AVERAGE(D14:D18) -> 77.046667
A22: PER-STUDENT CLO ATTAINMENT (DIRECT + INDIRECT)
A23: Class averages can hide individual at-risk students. This table shows every student's Direct %, Indirect %, and Composite % per CLO, with an At-Risk flag (< 70% composite).
C24: CLO1 | G24: CLO2 | K24: CLO3 | O24: CLO4 | S24: CLO5
A25: Student ID | B25: Student Name | C25: Direct % | D25: Indirect % | E25: Composite % | F25: At-Risk? | G25: Direct % | H25: Indirect % | I25: Composite % | J25: At-Risk? | K25: Direct % | L25: Indirect % | M25: Composite % | N25: At-Risk? | O25: Direct % | P25: Indirect % | Q25: Composite % | R25: At-Risk? | S25: Direct % | T25: Indirect % | U25: Composite % | V25: At-Risk?
A26: 2023-001 | B26: Dela Cruz, Juan | C26: ='Direct CLO'!I5 -> 81.666667 | D26: ='Indirect CLO'!D5 -> 80 | E26: =C26*0.7+D26*0.3 -> 81.166667 | F26: =IF(E26<70,"AT-RISK","OK") -> OK | G26: ='Direct CLO'!P5 -> 75 | H26: ='Indirect CLO'!F5 -> 80 | I26: =G26*0.7+H26*0.3 -> 76.5 | J26: =IF(I26<70,"AT-RISK","OK") -> OK | K26: ='Direct CLO'!W5 -> 70 | L26: ='Indirect CLO'!H5 -> 80 | M26: =K26*0.7+L26*0.3 -> 73 | N26: =IF(M26<70,"AT-RISK","OK") -> OK | O26: ='Direct CLO'!AD5 -> 78.333333 | P26: ='Indirect CLO'!J5 -> 100 | Q26: =O26*0.7+P26*0.3 -> 84.833333 | R26: =IF(Q26<70,"AT-RISK","OK") -> OK | S26: ='Direct CLO'!AK5 -> 81.666667 | T26: ='Indirect CLO'!L5 -> 100 | U26: =S26*0.7+T26*0.3 -> 87.166667 | V26: =IF(U26<70,"AT-RISK","OK") -> OK
A27: 2023-002 | B27: Santos, Maria | C27: ='Direct CLO'!I6 -> 68.333333 | D27: ='Indirect CLO'!D6 -> 40 | E27: =C27*0.7+D27*0.3 -> 59.833333 | F27: =IF(E27<70,"AT-RISK","OK") -> AT-RISK | G27: ='Direct CLO'!P6 -> 83.333333 | H27: ='Indirect CLO'!F6 -> 40 | I27: =G27*0.7+H27*0.3 -> 70.333333 | J27: =IF(I27<70,"AT-RISK","OK") -> OK | K27: ='Direct CLO'!W6 -> 66.666667 | L27: ='Indirect CLO'!H6 -> 80 | M27: =K27*0.7+L27*0.3 -> 70.666667 | N27: =IF(M27<70,"AT-RISK","OK") -> OK | O27: ='Direct CLO'!AD6 -> 75 | P27: ='Indirect CLO'!J6 -> 100 | Q27: =O27*0.7+P27*0.3 -> 82.5 | R27: =IF(Q27<70,"AT-RISK","OK") -> OK | S27: ='Direct CLO'!AK6 -> 76.666667 | T27: ='Indirect CLO'!L6 -> 40 | U27: =S27*0.7+T27*0.3 -> 65.666667 | V27: =IF(U27<70,"AT-RISK","OK") -> AT-RISK
A28: 2023-003 | B28: Reyes, Pedro | C28: ='Direct CLO'!I7 -> 80 | D28: ='Indirect CLO'!D7 -> 40 | E28: =C28*0.7+D28*0.3 -> 68 | F28: =IF(E28<70,"AT-RISK","OK") -> AT-RISK | G28: ='Direct CLO'!P7 -> 81.666667 | H28: ='Indirect CLO'!F7 -> 80 | I28: =G28*0.7+H28*0.3 -> 81.166667 | J28: =IF(I28<70,"AT-RISK","OK") -> OK | K28: ='Direct CLO'!W7 -> 78.333333 | L28: ='Indirect CLO'!H7 -> 100 | M28: =K28*0.7+L28*0.3 -> 84.833333 | N28: =IF(M28<70,"AT-RISK","OK") -> OK | O28: ='Direct CLO'!AD7 -> 75 | P28: ='Indirect CLO'!J7 -> 80 | Q28: =O28*0.7+P28*0.3 -> 76.5 | R28: =IF(Q28<70,"AT-RISK","OK") -> OK | S28: ='Direct CLO'!AK7 -> 75 | T28: ='Indirect CLO'!L7 -> 100 | U28: =S28*0.7+T28*0.3 -> 82.5 | V28: =IF(U28<70,"AT-RISK","OK") -> OK
A29: 2023-004 | B29: Garcia, Ana | C29: ='Direct CLO'!I8 -> 90 | D29: ='Indirect CLO'!D8 -> 80 | E29: =C29*0.7+D29*0.3 -> 87 | F29: =IF(E29<70,"AT-RISK","OK") -> OK | G29: ='Direct CLO'!P8 -> 90 | H29: ='Indirect CLO'!F8 -> 40 | I29: =G29*0.7+H29*0.3 -> 75 | J29: =IF(I29<70,"AT-RISK","OK") -> OK | K29: ='Direct CLO'!W8 -> 86.666667 | L29: ='Indirect CLO'!H8 -> 100 | M29: =K29*0.7+L29*0.3 -> 90.666667 | N29: =IF(M29<70,"AT-RISK","OK") -> OK | O29: ='Direct CLO'!AD8 -> 73.333333 | P29: ='Indirect CLO'!J8 -> 80 | Q29: =O29*0.7+P29*0.3 -> 75.333333 | R29: =IF(Q29<70,"AT-RISK","OK") -> OK | S29: ='Direct CLO'!AK8 -> 81.666667 | T29: ='Indirect CLO'!L8 -> 60 | U29: =S29*0.7+T29*0.3 -> 75.166667 | V29: =IF(U29<70,"AT-RISK","OK") -> OK
A30: 2023-005 | B30: Torres, Miguel | C30: ='Direct CLO'!I9 -> 91.666667 | D30: ='Indirect CLO'!D9 -> 40 | E30: =C30*0.7+D30*0.3 -> 76.166667 | F30: =IF(E30<70,"AT-RISK","OK") -> OK | G30: ='Direct CLO'!P9 -> 70 | H30: ='Indirect CLO'!F9 -> 100 | I30: =G30*0.7+H30*0.3 -> 79 | J30: =IF(I30<70,"AT-RISK","OK") -> OK | K30: ='Direct CLO'!W9 -> 86.666667 | L30: ='Indirect CLO'!H9 -> 40 | M30: =K30*0.7+L30*0.3 -> 72.666667 | N30: =IF(M30<70,"AT-RISK","OK") -> OK | O30: ='Direct CLO'!AD9 -> 83.333333 | P30: ='Indirect CLO'!J9 -> 60 | Q30: =O30*0.7+P30*0.3 -> 76.333333 | R30: =IF(Q30<70,"AT-RISK","OK") -> OK | S30: ='Direct CLO'!AK9 -> 71.666667 | T30: ='Indirect CLO'!L9 -> 80 | U30: =S30*0.7+T30*0.3 -> 74.166667 | V30: =IF(U30<70,"AT-RISK","OK") -> OK

Sheet Direct CLO
A1: DIRECT CLO — PER-STUDENT RAW SCORES
A2: Legend: yellow cells = faculty input (raw score / max score per period). CLO columns are repeatable — copy a CLO block to add more CLOs.
C3: CLO1 | J3: CLO2 | Q3: CLO3 | X3: CLO4 | AE3: CLO5
A4: Student ID | B4: Student Name | C4: Prelim Score | D4: Prelim Max | E4: Midterm Score | F4: Midterm Max | G4: Final Score | H4: Final Max | I4: CLO1 Attainment % | J4: Prelim Score | K4: Prelim Max | L4: Midterm Score | M4: Midterm Max | N4: Final Score | O4: Final Max | P4: CLO2 Attainment % | Q4: Prelim Score | R4: Prelim Max | S4: Midterm Score | T4: Midterm Max | U4: Final Score | V4: Final Max | W4: CLO3 Attainment % | X4: Prelim Score | Y4: Prelim Max | Z4: Midterm Score | AA4: Midterm Max | AB4: Final Score | AC4: Final Max | AD4: CLO4 Attainment % | AE4: Prelim Score | AF4: Prelim Max | AG4: Midterm Score | AH4: Midterm Max | AI4: Final Score | AJ4: Final Max | AK4: CLO5 Attainment %
A5: 2023-001 | B5: Dela Cruz, Juan | C5: 17 | D5: 20 | E5: 14 | F5: 20 | G5: 18 | H5: 20 | I5: =IFERROR((C5+E5+G5)/(D5+F5+H5)*100,0) -> 81.666667 | J5: 12 | K5: 20 | L5: 13 | M5: 20 | N5: 20 | O5: 20 | P5: =IFERROR((J5+L5+N5)/(K5+M5+O5)*100,0) -> 75 | Q5: 13 | R5: 20 | S5: 17 | T5: 20 | U5: 12 | V5: 20 | W5: =IFERROR((Q5+S5+U5)/(R5+T5+V5)*100,0) -> 70 | X5: 20 | Y5: 20 | Z5: 15 | AA5: 20 | AB5: 12 | AC5: 20 | AD5: =IFERROR((X5+Z5+AB5)/(Y5+AA5+AC5)*100,0) -> 78.333333 | AE5: 13 | AF5: 20 | AG5: 18 | AH5: 20 | AI5: 18 | AJ5: 20 | AK5: =IFERROR((AE5+AG5+AI5)/(AF5+AH5+AJ5)*100,0) -> 81.666667
A6: 2023-002 | B6: Santos, Maria | C6: 13 | D6: 20 | E6: 15 | F6: 20 | G6: 13 | H6: 20 | I6: =IFERROR((C6+E6+G6)/(D6+F6+H6)*100,0) -> 68.333333 | J6: 20 | K6: 20 | L6: 18 | M6: 20 | N6: 12 | O6: 20 | P6: =IFERROR((J6+L6+N6)/(K6+M6+O6)*100,0) -> 83.333333 | Q6: 13 | R6: 20 | S6: 15 | T6: 20 | U6: 12 | V6: 20 | W6: =IFERROR((Q6+S6+U6)/(R6+T6+V6)*100,0) -> 66.666667 | X6: 18 | Y6: 20 | Z6: 12 | AA6: 20 | AB6: 15 | AC6: 20 | AD6: =IFERROR((X6+Z6+AB6)/(Y6+AA6+AC6)*100,0) -> 75 | AE6: 12 | AF6: 20 | AG6: 20 | AH6: 20 | AI6: 14 | AJ6: 20 | AK6: =IFERROR((AE6+AG6+AI6)/(AF6+AH6+AJ6)*100,0) -> 76.666667
A7: 2023-003 | B7: Reyes, Pedro | C7: 16 | D7: 20 | E7: 18 | F7: 20 | G7: 14 | H7: 20 | I7: =IFERROR((C7+E7+G7)/(D7+F7+H7)*100,0) -> 80 | J7: 20 | K7: 20 | L7: 13 | M7: 20 | N7: 16 | O7: 20 | P7: =IFERROR((J7+L7+N7)/(K7+M7+O7)*100,0) -> 81.666667 | Q7: 20 | R7: 20 | S7: 14 | T7: 20 | U7: 13 | V7: 20 | W7: =IFERROR((Q7+S7+U7)/(R7+T7+V7)*100,0) -> 78.333333 | X7: 15 | Y7: 20 | Z7: 17 | AA7: 20 | AB7: 13 | AC7: 20 | AD7: =IFERROR((X7+Z7+AB7)/(Y7+AA7+AC7)*100,0) -> 75 | AE7: 20 | AF7: 20 | AG7: 13 | AH7: 20 | AI7: 12 | AJ7: 20 | AK7: =IFERROR((AE7+AG7+AI7)/(AF7+AH7+AJ7)*100,0) -> 75
A8: 2023-004 | B8: Garcia, Ana | C8: 15 | D8: 20 | E8: 19 | F8: 20 | G8: 20 | H8: 20 | I8: =IFERROR((C8+E8+G8)/(D8+F8+H8)*100,0) -> 90 | J8: 18 | K8: 20 | L8: 17 | M8: 20 | N8: 19 | O8: 20 | P8: =IFERROR((J8+L8+N8)/(K8+M8+O8)*100,0) -> 90 | Q8: 19 | R8: 20 | S8: 17 | T8: 20 | U8: 16 | V8: 20 | W8: =IFERROR((Q8+S8+U8)/(R8+T8+V8)*100,0) -> 86.666667 | X8: 15 | Y8: 20 | Z8: 14 | AA8: 20 | AB8: 15 | AC8: 20 | AD8: =IFERROR((X8+Z8+AB8)/(Y8+AA8+AC8)*100,0) -> 73.333333 | AE8: 13 | AF8: 20 | AG8: 16 | AH8: 20 | AI8: 20 | AJ8: 20 | AK8: =IFERROR((AE8+AG8+AI8)/(AF8+AH8+AJ8)*100,0) -> 81.666667
A9: 2023-005 | B9: Torres, Miguel | C9: 19 | D9: 20 | E9: 17 | F9: 20 | G9: 19 | H9: 20 | I9: =IFERROR((C9+E9+G9)/(D9+F9+H9)*100,0) -> 91.666667 | J9: 16 | K9: 20 | L9: 13 | M9: 20 | N9: 13 | O9: 20 | P9: =IFERROR((J9+L9+N9)/(K9+M9+O9)*100,0) -> 70 | Q9: 20 | R9: 20 | S9: 18 | T9: 20 | U9: 14 | V9: 20 | W9: =IFERROR((Q9+S9+U9)/(R9+T9+V9)*100,0) -> 86.666667 | X9: 17 | Y9: 20 | Z9: 14 | AA9: 20 | AB9: 19 | AC9: 20 | AD9: =IFERROR((X9+Z9+AB9)/(Y9+AA9+AC9)*100,0) -> 83.333333 | AE9: 18 | AF9: 20 | AG9: 12 | AH9: 20 | AI9: 13 | AJ9: 20 | AK9: =IFERROR((AE9+AG9+AI9)/(AF9+AH9+AJ9)*100,0) -> 71.666667
B11: CLASS AVERAGE (Direct CLO Attainment %) | I11: =IFERROR(AVERAGE(I5:I9),0) -> 82.333333 | P11: =IFERROR(AVERAGE(P5:P9),0) -> 80 | W11: =IFERROR(AVERAGE(W5:W9),0) -> 77.666667 | AD11: =IFERROR(AVERAGE(AD5:AD9),0) -> 77 | AK11: =IFERROR(AVERAGE(AK5:AK9),0) -> 77.333333

Sheet Indirect CLO
A1: INDIRECT CLO — COURSE EXIT SURVEY RESPONSES
A2: Legend: yellow cells = student survey response (1-5 Likert scale). 1=Strongly Disagree ... 5=Strongly Agree, on 'I feel I have developed [CLO objective].'
A4: Student ID | B4: Student Name | C4: CLO1 Rating (1-5) | D4: CLO1 Attainment % | E4: CLO2 Rating (1-5) | F4: CLO2 Attainment % | G4: CLO3 Rating (1-5) | H4: CLO3 Attainment % | I4: CLO4 Rating (1-5) | J4: CLO4 Attainment % | K4: CLO5 Rating (1-5) | L4: CLO5 Attainment %
A5: 2023-001 | B5: Dela Cruz, Juan | C5: 4 | D5: =IFERROR((C5/5)*100,0) -> 80 | E5: 4 | F5: =IFERROR((E5/5)*100,0) -> 80 | G5: 4 | H5: =IFERROR((G5/5)*100,0) -> 80 | I5: 5 | J5: =IFERROR((I5/5)*100,0) -> 100 | K5: 5 | L5: =IFERROR((K5/5)*100,0) -> 100
A6: 2023-002 | B6: Santos, Maria | C6: 2 | D6: =IFERROR((C6/5)*100,0) -> 40 | E6: 2 | F6: =IFERROR((E6/5)*100,0) -> 40 | G6: 4 | H6: =IFERROR((G6/5)*100,0) -> 80 | I6: 5 | J6: =IFERROR((I6/5)*100,0) -> 100 | K6: 2 | L6: =IFERROR((K6/5)*100,0) -> 40
A7: 2023-003 | B7: Reyes, Pedro | C7: 2 | D7: =IFERROR((C7/5)*100,0) -> 40 | E7: 4 | F7: =IFERROR((E7/5)*100,0) -> 80 | G7: 5 | H7: =IFERROR((G7/5)*100,0) -> 100 | I7: 4 | J7: =IFERROR((I7/5)*100,0) -> 80 | K7: 5 | L7: =IFERROR((K7/5)*100,0) -> 100
A8: 2023-004 | B8: Garcia, Ana | C8: 4 | D8: =IFERROR((C8/5)*100,0) -> 80 | E8: 2 | F8: =IFERROR((E8/5)*100,0) -> 40 | G8: 5 | H8: =IFERROR((G8/5)*100,0) -> 100 | I8: 4 | J8: =IFERROR((I8/5)*100,0) -> 80 | K8: 3 | L8: =IFERROR((K8/5)*100,0) -> 60
A9: 2023-005 | B9: Torres, Miguel | C9: 2 | D9: =IFERROR((C9/5)*100,0) -> 40 | E9: 5 | F9: =IFERROR((E9/5)*100,0) -> 100 | G9: 2 | H9: =IFERROR((G9/5)*100,0) -> 40 | I9: 3 | J9: =IFERROR((I9/5)*100,0) -> 60 | K9: 4 | L9: =IFERROR((K9/5)*100,0) -> 80
B11: MEAN RATING (of 5) | C11: =IFERROR(AVERAGE(C5:C9),0) -> 2.8 | E11: =IFERROR(AVERAGE(E5:E9),0) -> 3.4 | G11: =IFERROR(AVERAGE(G5:G9),0) -> 4 | I11: =IFERROR(AVERAGE(I5:I9),0) -> 4.2 | K11: =IFERROR(AVERAGE(K5:K9),0) -> 3.8
B12: %age CO ATTAINMENT (Indirect) | C12: =IFERROR((C11/5)*100,0) -> 56 | E12: =IFERROR((E11/5)*100,0) -> 68 | G12: =IFERROR((G11/5)*100,0) -> 80 | I12: =IFERROR((I11/5)*100,0) -> 84 | K12: =IFERROR((K11/5)*100,0) -> 76
